17-May,[61.0-93.0],[0.0-31.0],[46.0-61.0],[11887.0-17472.0],[3448.0-5051.0],[603.0-1020.0],[153.0-191.0],[662.0-1227.0],[203.0-704.0],[772.0-2170.0],[0.0-41.0],[1.0-389.0],[96.0-177.0],[653.0-1116.0],[385.0-647.0],[91.0-351.0],[789.0-2817.0],[0.0-1234.0],[34.0-336.0],[86.0-294.0],[1.0-80.0],[73.0-114.0],[18.0-28.0],[0.0-0.0],[548.0-643.0],[0.0-12.0],[26.0-80.0],[1.0-45.0],[16.0-85.0],[0.0-0.0],[28.0-73.0],[8.0-131.0],[147.0-295.0],[172.0-253.0],[141.0-204.0],[15.0-36.0],[0.0-5.0],[0.0-3.0],[0.0-7.0],[0.0-0.0],[101.0-153.0],[5.0-65.0],[0.0-0.0],[0.0-7.0],[704.0-1033.0],[23.0-45.0],[4.0-19.0],[13.0-48.0],[5.0-65.0],[0.0-0.0],[662.0-1227.0],[3.0-7.0],[58.0-77.0],[50.0-89.0],[18.0-31.0],[44.0-59.0],[4.0-56.0],[1.0-5.0],[4.0-17.0],[0.0-0.0],[0.0-0.0],[0.0-0.0],[0.0-1.0],[3.0-5.0],[4.0-17.0],[0.0-1.0],[0.0-1.0],[0.0-9.0],[0.0-0.0],[0.0-1.0],[0.0-12.0],[0.0-1.0],[29.0-55.0],[0.0-0.0],[46.0-61.0],[90.0-113.0],[0.0-1.0],[1.0-2.0],[39.0-62.0],[25.0-55.0],[18.0-34.0],cb,Group: 0
17-Sep,[61.0-93.0],[0.0-31.0],[46.0-61.0],[11887.0-17472.0],[3448.0-5051.0],[603.0-1020.0],[153.0-191.0],[662.0-1227.0],[203.0-704.0],[772.0-2170.0],[0.0-41.0],[1.0-389.0],[96.0-177.0],[653.0-1116.0],[385.0-647.0],[91.0-351.0],[789.0-2817.0],[0.0-1234.0],[34.0-336.0],[86.0-294.0],[1.0-80.0],[73.0-114.0],[18.0-28.0],[0.0-0.0],[548.0-643.0],[0.0-12.0],[26.0-80.0],[1.0-45.0],[16.0-85.0],[0.0-0.0],[28.0-73.0],[8.0-131.0],[147.0-295.0],[172.0-253.0],[141.0-204.0],[15.0-36.0],[0.0-5.0],[0.0-3.0],[0.0-7.0],[0.0-0.0],[101.0-153.0],[5.0-65.0],[0.0-0.0],[0.0-7.0],[704.0-1033.0],[23.0-45.0],[4.0-19.0],[13.0-48.0],[5.0-65.0],[0.0-0.0],[662.0-1227.0],[3.0-7.0],[58.0-77.0],[50.0-89.0],[18.0-31.0],[44.0-59.0],[4.0-56.0],[1.0-5.0],[4.0-17.0],[0.0-0.0],[0.0-0.0],[0.0-0.0],[0.0-1.0],[3.0-5.0],[4.0-17.0],[0.0-1.0],[0.0-1.0],[0.0-9.0],[0.0-0.0],[0.0-1.0],[0.0-12.0],[0.0-1.0],[29.0-55.0],[0.0-0.0],[46.0-61.0],[90.0-113.0],[0.0-1.0],[1.0-2.0],[39.0-62.0],[25.0-55.0],[18.0-34.0],cb,Group: 0
17-Aug,[61.0-93.0],[0.0-31.0],[46.0-61.0],[11887.0-17472.0],[3448.0-5051.0],[603.0-1020.0],[153.0-191.0],[662.0-1227.0],[203.0-704.0],[772.0-2170.0],[0.0-41.0],[1.0-389.0],[96.0-177.0],[653.0-1116.0],[385.0-647.0],[91.0-351.0],[789.0-2817.0],[0.0-1234.0],[34.0-336.0],[86.0-294.0],[1.0-80.0],[73.0-114.0],[18.0-28.0],[0.0-0.0],[548.0-643.0],[0.0-12.0],[26.0-80.0],[1.0-45.0],[16.0-85.0],[0.0-0.0],[28.0-73.0],[8.0-131.0],[147.0-295.0],[172.0-253.0],[141.0-204.0],[15.0-36.0],[0.0-5.0],[0.0-3.0],[0.0-7.0],[0.0-0.0],[101.0-153.0],[5.0-65.0],[0.0-0.0],[0.0-7.0],[704.0-1033.0],[23.0-45.0],[4.0-19.0],[13.0-48.0],[5.0-65.0],[0.0-0.0],[662.0-1227.0],[3.0-7.0],[58.0-77.0],[50.0-89.0],[18.0-31.0],[44.0-59.0],[4.0-56.0],[1.0-5.0],[4.0-17.0],[0.0-0.0],[0.0-0.0],[0.0-0.0],[0.0-1.0],[3.0-5.0],[4.0-17.0],[0.0-1.0],[0.0-1.0],[0.0-9.0],[0.0-0.0],[0.0-1.0],[0.0-12.0],[0.0-1.0],[29.0-55.0],[0.0-0.0],[46.0-61.0],[90.0-113.0],[0.0-1.0],[1.0-2.0],[39.0-62.0],[25.0-55.0],[18.0-34.0],cb,Group: 0
15-Jun,[61.0-93.0],[0.0-31.0],[46.0-61.0],[11887.0-17472.0],[3448.0-5051.0],[603.0-1020.0],[153.0-191.0],[662.0-1227.0],[203.0-704.0],[772.0-2170.0],[0.0-41.0],[1.0-389.0],[96.0-177.0],[653.0-1116.0],[385.0-647.0],[91.0-351.0],[789.0-2817.0],[0.0-1234.0],[34.0-336.0],[86.0-294.0],[1.0-80.0],[73.0-114.0],[18.0-28.0],[0.0-0.0],[548.0-643.0],[0.0-12.0],[26.0-80.0],[1.0-45.0],[16.0-85.0],[0.0-0.0],[28.0-73.0],[8.0-131.0],[147.0-295.0],[172.0-253.0],[141.0-204.0],[15.0-36.0],[0.0-5.0],[0.0-3.0],[0.0-7.0],[0.0-0.0],[101.0-153.0],[5.0-65.0],[0.0-0.0],[0.0-7.0],[704.0-1033.0],[23.0-45.0],[4.0-19.0],[13.0-48.0],[5.0-65.0],[0.0-0.0],[662.0-1227.0],[3.0-7.0],[58.0-77.0],[50.0-89.0],[18.0-31.0],[44.0-59.0],[4.0-56.0],[1.0-5.0],[4.0-17.0],[0.0-0.0],[0.0-0.0],[0.0-0.0],[0.0-1.0],[3.0-5.0],[4.0-17.0],[0.0-1.0],[0.0-1.0],[0.0-9.0],[0.0-0.0],[0.0-1.0],[0.0-12.0],[0.0-1.0],[29.0-55.0],[0.0-0.0],[46.0-61.0],[90.0-113.0],[0.0-1.0],[1.0-2.0],[39.0-62.0],[25.0-55.0],[18.0-34.0],cb,Group: 0
17-Oct,[5.0-91.0],[0.0-25.0],[3.0-54.0],[1952.0-18735.0],[94.0-5053.0],[21.0-1174.0],[15.0-210.0],[99.0-1248.0],[22.0-674.0],[0.0-2305.0],[0.0-55.0],[0.0-391.0],[22.0-141.0],[0.0-1165.0],[20.0-579.0],[0.0-348.0],[11.0-3280.0],[0.0-1200.0],[0.0-369.0],[15.0-300.0],[0.0-81.0],[4.0-115.0],[0.0-25.0],[0.0-0.0],[31.0-630.0],[0.0-4.0],[0.0-55.0],[0.0-51.0],[0.0-80.0],[0.0-0.0],[0.0-87.0],[0.0-103.0],[0.0-276.0],[12.0-252.0],[1.0-184.0],[0.0-36.0],[0.0-4.0],[0.0-4.0],[0.0-6.0],[0.0-1.0],[5.0-145.0],[0.0-61.0],[0.0-1.0],[0.0-7.0],[219.0-935.0],[0.0-39.0],[4.0-24.0],[1.0-36.0],[0.0-61.0],[0.0-0.0],[99.0-1248.0],[0.0-9.0],[3.0-98.0],[7.0-80.0],[0.0-26.0],[5.0-53.0],[0.0-60.0],[0.0-10.0],[0.0-22.0],[0.0-0.0],[0.0-0.0],[0.0-2.0],[0.0-3.0],[0.0-4.0],[0.0-9.0],[0.0-0.0],[0.0-0.0],[0.0-8.0],[0.0-0.0],[0.0-0.0],[0.0-18.0],[0.0-1.0],[0.0-47.0],[0.0-0.0],[3.0-54.0],[25.0-113.0],[0.0-1.0],[0.0-13.0],[5.0-60.0],[0.0-66.0],[0.0-44.0],cb,Group: 1
16-Mar,[5.0-91.0],[0.0-25.0],[3.0-54.0],[1952.0-18735.0],[94.0-5053.0],[21.0-1174.0],[15.0-210.0],[99.0-1248.0],[22.0-674.0],[0.0-2305.0],[0.0-55.0],[0.0-391.0],[22.0-141.0],[0.0-1165.0],[20.0-579.0],[0.0-348.0],[11.0-3280.0],[0.0-1200.0],[0.0-369.0],[15.0-300.0],[0.0-81.0],[4.0-115.0],[0.0-25.0],[0.0-0.0],[31.0-630.0],[0.0-4.0],[0.0-55.0],[0.0-51.0],[0.0-80.0],[0.0-0.0],[0.0-87.0],[0.0-103.0],[0.0-276.0],[12.0-252.0],[1.0-184.0],[0.0-36.0],[0.0-4.0],[0.0-4.0],[0.0-6.0],[0.0-1.0],[5.0-145.0],[0.0-61.0],[0.0-1.0],[0.0-7.0],[219.0-935.0],[0.0-39.0],[4.0-24.0],[1.0-36.0],[0.0-61.0],[0.0-0.0],[99.0-1248.0],[0.0-9.0],[3.0-98.0],[7.0-80.0],[0.0-26.0],[5.0-53.0],[0.0-60.0],[0.0-10.0],[0.0-22.0],[0.0-0.0],[0.0-0.0],[0.0-2.0],[0.0-3.0],[0.0-4.0],[0.0-9.0],[0.0-0.0],[0.0-0.0],[0.0-8.0],[0.0-0.0],[0.0-0.0],[0.0-18.0],[0.0-1.0],[0.0-47.0],[0.0-0.0],[3.0-54.0],[25.0-113.0],[0.0-1.0],[0.0-13.0],[5.0-60.0],[0.0-66.0],[0.0-44.0],cb,Group: 1
17-Jun,[5.0-91.0],[0.0-25.0],[3.0-54.0],[1952.0-18735.0],[94.0-5053.0],[21.0-1174.0],[15.0-210.0],[99.0-1248.0],[22.0-674.0],[0.0-2305.0],[0.0-55.0],[0.0-391.0],[22.0-141.0],[0.0-1165.0],[20.0-579.0],[0.0-348.0],[11.0-3280.0],[0.0-1200.0],[0.0-369.0],[15.0-300.0],[0.0-81.0],[4.0-115.0],[0.0-25.0],[0.0-0.0],[31.0-630.0],[0.0-4.0],[0.0-55.0],[0.0-51.0],[0.0-80.0],[0.0-0.0],[0.0-87.0],[0.0-103.0],[0.0-276.0],[12.0-252.0],[1.0-184.0],[0.0-36.0],[0.0-4.0],[0.0-4.0],[0.0-6.0],[0.0-1.0],[5.0-145.0],[0.0-61.0],[0.0-1.0],[0.0-7.0],[219.0-935.0],[0.0-39.0],[4.0-24.0],[1.0-36.0],[0.0-61.0],[0.0-0.0],[99.0-1248.0],[0.0-9.0],[3.0-98.0],[7.0-80.0],[0.0-26.0],[5.0-53.0],[0.0-60.0],[0.0-10.0],[0.0-22.0],[0.0-0.0],[0.0-0.0],[0.0-2.0],[0.0-3.0],[0.0-4.0],[0.0-9.0],[0.0-0.0],[0.0-0.0],[0.0-8.0],[0.0-0.0],[0.0-0.0],[0.0-18.0],[0.0-1.0],[0.0-47.0],[0.0-0.0],[3.0-54.0],[25.0-113.0],[0.0-1.0],[0.0-13.0],[5.0-60.0],[0.0-66.0],[0.0-44.0],cb,Group: 1
10-Sep,[5.0-91.0],[0.0-25.0],[3.0-54.0],[1952.0-18735.0],[94.0-5053.0],[21.0-1174.0],[15.0-210.0],[99.0-1248.0],[22.0-674.0],[0.0-2305.0],[0.0-55.0],[0.0-391.0],[22.0-141.0],[0.0-1165.0],[20.0-579.0],[0.0-348.0],[11.0-3280.0],[0.0-1200.0],[0.0-369.0],[15.0-300.0],[0.0-81.0],[4.0-115.0],[0.0-25.0],[0.0-0.0],[31.0-630.0],[0.0-4.0],[0.0-55.0],[0.0-51.0],[0.0-80.0],[0.0-0.0],[0.0-87.0],[0.0-103.0],[0.0-276.0],[12.0-252.0],[1.0-184.0],[0.0-36.0],[0.0-4.0],[0.0-4.0],[0.0-6.0],[0.0-1.0],[5.0-145.0],[0.0-61.0],[0.0-1.0],[0.0-7.0],[219.0-935.0],[0.0-39.0],[4.0-24.0],[1.0-36.0],[0.0-61.0],[0.0-0.0],[99.0-1248.0],[0.0-9.0],[3.0-98.0],[7.0-80.0],[0.0-26.0],[5.0-53.0],[0.0-60.0],[0.0-10.0],[0.0-22.0],[0.0-0.0],[0.0-0.0],[0.0-2.0],[0.0-3.0],[0.0-4.0],[0.0-9.0],[0.0-0.0],[0.0-0.0],[0.0-8.0],[0.0-0.0],[0.0-0.0],[0.0-18.0],[0.0-1.0],[0.0-47.0],[0.0-0.0],[3.0-54.0],[25.0-113.0],[0.0-1.0],[0.0-13.0],[5.0-60.0],[0.0-66.0],[0.0-44.0],cb,Group: 1
10-Jan,[5.0-91.0],[0.0-25.0],[3.0-54.0],[1952.0-18735.0],[94.0-5053.0],[21.0-1174.0],[15.0-210.0],[99.0-1248.0],[22.0-674.0],[0.0-2305.0],[0.0-55.0],[0.0-391.0],[22.0-141.0],[0.0-1165.0],[20.0-579.0],[0.0-348.0],[11.0-3280.0],[0.0-1200.0],[0.0-369.0],[15.0-300.0],[0.0-81.0],[4.0-115.0],[0.0-25.0],[0.0-0.0],[31.0-630.0],[0.0-4.0],[0.0-55.0],[0.0-51.0],[0.0-80.0],[0.0-0.0],[0.0-87.0],[0.0-103.0],[0.0-276.0],[12.0-252.0],[1.0-184.0],[0.0-36.0],[0.0-4.0],[0.0-4.0],[0.0-6.0],[0.0-1.0],[5.0-145.0],[0.0-61.0],[0.0-1.0],[0.0-7.0],[219.0-935.0],[0.0-39.0],[4.0-24.0],[1.0-36.0],[0.0-61.0],[0.0-0.0],[99.0-1248.0],[0.0-9.0],[3.0-98.0],[7.0-80.0],[0.0-26.0],[5.0-53.0],[0.0-60.0],[0.0-10.0],[0.0-22.0],[0.0-0.0],[0.0-0.0],[0.0-2.0],[0.0-3.0],[0.0-4.0],[0.0-9.0],[0.0-0.0],[0.0-0.0],[0.0-8.0],[0.0-0.0],[0.0-0.0],[0.0-18.0],[0.0-1.0],[0.0-47.0],[0.0-0.0],[3.0-54.0],[25.0-113.0],[0.0-1.0],[0.0-13.0],[5.0-60.0],[0.0-66.0],[0.0-44.0],cb,Group: 1
13-Dec,[35.0-46.0],[0.0-0.0],[7.0-31.0],[7862.0-9330.0],[1795.0-2603.0],[364.0-509.0],[96.0-145.0],[1025.0-1264.0],[116.0-194.0],[226.0-490.0],[0.0-0.0],[0.0-1.0],[53.0-86.0],[5.0-144.0],[382.0-539.0],[0.0-0.0],[444.0-532.0],[0.0-1.0],[0.0-7.0],[42.0-68.0],[0.0-2.0],[37.0-84.0],[0.0-15.0],[0.0-0.0],[434.0-562.0],[0.0-0.0],[0.0-12.0],[0.0-0.0],[0.0-2.0],[0.0-0.0],[3.0-17.0],[0.0-2.0],[3.0-90.0],[70.0-111.0],[66.0-116.0],[2.0-6.0],[0.0-0.0],[0.0-4.0],[2.0-9.0],[0.0-0.0],[60.0-145.0],[2.0-7.0],[0.0-0.0],[0.0-4.0],[774.0-1048.0],[16.0-26.0],[17.0-22.0],[29.0-45.0],[2.0-7.0],[0.0-0.0],[1025.0-1264.0],[0.0-1.0],[26.0-49.0],[31.0-49.0],[5.0-24.0],[28.0-55.0],[0.0-0.0],[0.0-3.0],[0.0-12.0],[0.0-0.0],[0.0-0.0],[0.0-0.0],[0.0-0.0],[0.0-2.0],[0.0-4.0],[0.0-0.0],[0.0-0.0],[0.0-0.0],[0.0-0.0],[0.0-0.0],[0.0-0.0],[0.0-1.0],[11.0-27.0],[0.0-0.0],[7.0-31.0],[90.0-117.0],[0.0-0.0],[0.0-0.0],[14.0-44.0],[0.0-4.0],[6.0-10.0],cb,Group: 2
14-Sep,[35.0-46.0],[0.0-0.0],[7.0-31.0],[7862.0-9330.0],[1795.0-2603.0],[364.0-509.0],[96.0-145.0],[1025.0-1264.0],[116.0-194.0],[226.0-490.0],[0.0-0.0],[0.0-1.0],[53.0-86.0],[5.0-144.0],[382.0-539.0],[0.0-0.0],[444.0-532.0],[0.0-1.0],[0.0-7.0],[42.0-68.0],[0.0-2.0],[37.0-84.0],[0.0-15.0],[0.0-0.0],[434.0-562.0],[0.0-0.0],[0.0-12.0],[0.0-0.0],[0.0-2.0],[0.0-0.0],[3.0-17.0],[0.0-2.0],[3.0-90.0],[70.0-111.0],[66.0-116.0],[2.0-6.0],[0.0-0.0],[0.0-4.0],[2.0-9.0],[0.0-0.0],[60.0-145.0],[2.0-7.0],[0.0-0.0],[0.0-4.0],[774.0-1048.0],[16.0-26.0],[17.0-22.0],[29.0-45.0],[2.0-7.0],[0.0-0.0],[1025.0-1264.0],[0.0-1.0],[26.0-49.0],[31.0-49.0],[5.0-24.0],[28.0-55.0],[0.0-0.0],[0.0-3.0],[0.0-12.0],[0.0-0.0],[0.0-0.0],[0.0-0.0],[0.0-0.0],[0.0-2.0],[0.0-4.0],[0.0-0.0],[0.0-0.0],[0.0-0.0],[0.0-0.0],[0.0-0.0],[0.0-0.0],[0.0-1.0],[11.0-27.0],[0.0-0.0],[7.0-31.0],[90.0-117.0],[0.0-0.0],[0.0-0.0],[14.0-44.0],[0.0-4.0],[6.0-10.0],cb,Group: 2
14-Jun,[35.0-46.0],[0.0-0.0],[7.0-31.0],[7862.0-9330.0],[1795.0-2603.0],[364.0-509.0],[96.0-145.0],[1025.0-1264.0],[116.0-194.0],[226.0-490.0],[0.0-0.0],[0.0-1.0],[53.0-86.0],[5.0-144.0],[382.0-539.0],[0.0-0.0],[444.0-532.0],[0.0-1.0],[0.0-7.0],[42.0-68.0],[0.0-2.0],[37.0-84.0],[0.0-15.0],[0.0-0.0],[434.0-562.0],[0.0-0.0],[0.0-12.0],[0.0-0.0],[0.0-2.0],[0.0-0.0],[3.0-17.0],[0.0-2.0],[3.0-90.0],[70.0-111.0],[66.0-116.0],[2.0-6.0],[0.0-0.0],[0.0-4.0],[2.0-9.0],[0.0-0.0],[60.0-145.0],[2.0-7.0],[0.0-0.0],[0.0-4.0],[774.0-1048.0],[16.0-26.0],[17.0-22.0],[29.0-45.0],[2.0-7.0],[0.0-0.0],[1025.0-1264.0],[0.0-1.0],[26.0-49.0],[31.0-49.0],[5.0-24.0],[28.0-55.0],[0.0-0.0],[0.0-3.0],[0.0-12.0],[0.0-0.0],[0.0-0.0],[0.0-0.0],[0.0-0.0],[0.0-2.0],[0.0-4.0],[0.0-0.0],[0.0-0.0],[0.0-0.0],[0.0-0.0],[0.0-0.0],[0.0-0.0],[0.0-1.0],[11.0-27.0],[0.0-0.0],[7.0-31.0],[90.0-117.0],[0.0-0.0],[0.0-0.0],[14.0-44.0],[0.0-4.0],[6.0-10.0],cb,Group: 2
14-May,[35.0-46.0],[0.0-0.0],[7.0-31.0],[7862.0-9330.0],[1795.0-2603.0],[364.0-509.0],[96.0-145.0],[1025.0-1264.0],[116.0-194.0],[226.0-490.0],[0.0-0.0],[0.0-1.0],[53.0-86.0],[5.0-144.0],[382.0-539.0],[0.0-0.0],[444.0-532.0],[0.0-1.0],[0.0-7.0],[42.0-68.0],[0.0-2.0],[37.0-84.0],[0.0-15.0],[0.0-0.0],[434.0-562.0],[0.0-0.0],[0.0-12.0],[0.0-0.0],[0.0-2.0],[0.0-0.0],[3.0-17.0],[0.0-2.0],[3.0-90.0],[70.0-111.0],[66.0-116.0],[2.0-6.0],[0.0-0.0],[0.0-4.0],[2.0-9.0],[0.0-0.0],[60.0-145.0],[2.0-7.0],[0.0-0.0],[0.0-4.0],[774.0-1048.0],[16.0-26.0],[17.0-22.0],[29.0-45.0],[2.0-7.0],[0.0-0.0],[1025.0-1264.0],[0.0-1.0],[26.0-49.0],[31.0-49.0],[5.0-24.0],[28.0-55.0],[0.0-0.0],[0.0-3.0],[0.0-12.0],[0.0-0.0],[0.0-0.0],[0.0-0.0],[0.0-0.0],[0.0-2.0],[0.0-4.0],[0.0-0.0],[0.0-0.0],[0.0-0.0],[0.0-0.0],[0.0-0.0],[0.0-0.0],[0.0-1.0],[11.0-27.0],[0.0-0.0],[7.0-31.0],[90.0-117.0],[0.0-0.0],[0.0-0.0],[14.0-44.0],[0.0-4.0],[6.0-10.0],cb,Group: 2
13-May,[35.0-46.0],[0.0-0.0],[7.0-31.0],[7862.0-9330.0],[1795.0-2603.0],[364.0-509.0],[96.0-145.0],[1025.0-1264.0],[116.0-194.0],[226.0-490.0],[0.0-0.0],[0.0-1.0],[53.0-86.0],[5.0-144.0],[382.0-539.0],[0.0-0.0],[444.0-532.0],[0.0-1.0],[0.0-7.0],[42.0-68.0],[0.0-2.0],[37.0-84.0],[0.0-15.0],[0.0-0.0],[434.0-562.0],[0.0-0.0],[0.0-12.0],[0.0-0.0],[0.0-2.0],[0.0-0.0],[3.0-17.0],[0.0-2.0],[3.0-90.0],[70.0-111.0],[66.0-116.0],[2.0-6.0],[0.0-0.0],[0.0-4.0],[2.0-9.0],[0.0-0.0],[60.0-145.0],[2.0-7.0],[0.0-0.0],[0.0-4.0],[774.0-1048.0],[16.0-26.0],[17.0-22.0],[29.0-45.0],[2.0-7.0],[0.0-0.0],[1025.0-1264.0],[0.0-1.0],[26.0-49.0],[31.0-49.0],[5.0-24.0],[28.0-55.0],[0.0-0.0],[0.0-3.0],[0.0-12.0],[0.0-0.0],[0.0-0.0],[0.0-0.0],[0.0-0.0],[0.0-2.0],[0.0-4.0],[0.0-0.0],[0.0-0.0],[0.0-0.0],[0.0-0.0],[0.0-0.0],[0.0-0.0],[0.0-1.0],[11.0-27.0],[0.0-0.0],[7.0-31.0],[90.0-117.0],[0.0-0.0],[0.0-0.0],[14.0-44.0],[0.0-4.0],[6.0-10.0],cb,Group: 2
12-Dec,[14.0-36.0],[0.0-0.0],[7.0-16.0],[3639.0-6605.0],[623.0-1515.0],[139.0-255.0],[46.0-104.0],[401.0-728.0],[59.0-123.0],[4.0-156.0],[0.0-0.0],[0.0-0.0],[43.0-62.0],[0.0-2.0],[106.0-335.0],[0.0-0.0],[80.0-268.0],[0.0-0.0],[0.0-0.0],[14.0-36.0],[0.0-0.0],[11.0-47.0],[0.0-1.0],[0.0-0.0],[240.0-482.0],[0.0-0.0],[0.0-0.0],[0.0-0.0],[0.0-0.0],[0.0-0.0],[0.0-2.0],[0.0-0.0],[0.0-21.0],[23.0-95.0],[11.0-66.0],[0.0-1.0],[0.0-0.0],[0.0-1.0],[1.0-5.0],[0.0-0.0],[25.0-77.0],[0.0-0.0],[0.0-1.0],[0.0-1.0],[467.0-736.0],[6.0-21.0],[23.0-40.0],[10.0-31.0],[0.0-0.0],[0.0-0.0],[401.0-728.0],[0.0-1.0],[9.0-29.0],[13.0-31.0],[9.0-17.0],[25.0-40.0],[0.0-0.0],[0.0-3.0],[0.0-1.0],[0.0-0.0],[0.0-0.0],[0.0-0.0],[0.0-0.0],[0.0-1.0],[0.0-0.0],[0.0-0.0],[0.0-0.0],[0.0-0.0],[0.0-0.0],[0.0-0.0],[0.0-0.0],[0.0-0.0],[2.0-8.0],[0.0-0.0],[7.0-16.0],[62.0-105.0],[0.0-0.0],[0.0-0.0],[17.0-42.0],[0.0-0.0],[0.0-7.0],cb,Group: 3
11-Oct,[14.0-36.0],[0.0-0.0],[7.0-16.0],[3639.0-6605.0],[623.0-1515.0],[139.0-255.0],[46.0-104.0],[401.0-728.0],[59.0-123.0],[4.0-156.0],[0.0-0.0],[0.0-0.0],[43.0-62.0],[0.0-2.0],[106.0-335.0],[0.0-0.0],[80.0-268.0],[0.0-0.0],[0.0-0.0],[14.0-36.0],[0.0-0.0],[11.0-47.0],[0.0-1.0],[0.0-0.0],[240.0-482.0],[0.0-0.0],[0.0-0.0],[0.0-0.0],[0.0-0.0],[0.0-0.0],[0.0-2.0],[0.0-0.0],[0.0-21.0],[23.0-95.0],[11.0-66.0],[0.0-1.0],[0.0-0.0],[0.0-1.0],[1.0-5.0],[0.0-0.0],[25.0-77.0],[0.0-0.0],[0.0-1.0],[0.0-1.0],[467.0-736.0],[6.0-21.0],[23.0-40.0],[10.0-31.0],[0.0-0.0],[0.0-0.0],[401.0-728.0],[0.0-1.0],[9.0-29.0],[13.0-31.0],[9.0-17.0],[25.0-40.0],[0.0-0.0],[0.0-3.0],[0.0-1.0],[0.0-0.0],[0.0-0.0],[0.0-0.0],[0.0-0.0],[0.0-1.0],[0.0-0.0],[0.0-0.0],[0.0-0.0],[0.0-0.0],[0.0-0.0],[0.0-0.0],[0.0-0.0],[0.0-0.0],[2.0-8.0],[0.0-0.0],[7.0-16.0],[62.0-105.0],[0.0-0.0],[0.0-0.0],[17.0-42.0],[0.0-0.0],[0.0-7.0],cb,Group: 3
12-Aug,[14.0-36.0],[0.0-0.0],[7.0-16.0],[3639.0-6605.0],[623.0-1515.0],[139.0-255.0],[46.0-104.0],[401.0-728.0],[59.0-123.0],[4.0-156.0],[0.0-0.0],[0.0-0.0],[43.0-62.0],[0.0-2.0],[106.0-335.0],[0.0-0.0],[80.0-268.0],[0.0-0.0],[0.0-0.0],[14.0-36.0],[0.0-0.0],[11.0-47.0],[0.0-1.0],[0.0-0.0],[240.0-482.0],[0.0-0.0],[0.0-0.0],[0.0-0.0],[0.0-0.0],[0.0-0.0],[0.0-2.0],[0.0-0.0],[0.0-21.0],[23.0-95.0],[11.0-66.0],[0.0-1.0],[0.0-0.0],[0.0-1.0],[1.0-5.0],[0.0-0.0],[25.0-77.0],[0.0-0.0],[0.0-1.0],[0.0-1.0],[467.0-736.0],[6.0-21.0],[23.0-40.0],[10.0-31.0],[0.0-0.0],[0.0-0.0],[401.0-728.0],[0.0-1.0],[9.0-29.0],[13.0-31.0],[9.0-17.0],[25.0-40.0],[0.0-0.0],[0.0-3.0],[0.0-1.0],[0.0-0.0],[0.0-0.0],[0.0-0.0],[0.0-0.0],[0.0-1.0],[0.0-0.0],[0.0-0.0],[0.0-0.0],[0.0-0.0],[0.0-0.0],[0.0-0.0],[0.0-0.0],[0.0-0.0],[2.0-8.0],[0.0-0.0],[7.0-16.0],[62.0-105.0],[0.0-0.0],[0.0-0.0],[17.0-42.0],[0.0-0.0],[0.0-7.0],cb,Group: 3
12-Jul,[14.0-36.0],[0.0-0.0],[7.0-16.0],[3639.0-6605.0],[623.0-1515.0],[139.0-255.0],[46.0-104.0],[401.0-728.0],[59.0-123.0],[4.0-156.0],[0.0-0.0],[0.0-0.0],[43.0-62.0],[0.0-2.0],[106.0-335.0],[0.0-0.0],[80.0-268.0],[0.0-0.0],[0.0-0.0],[14.0-36.0],[0.0-0.0],[11.0-47.0],[0.0-1.0],[0.0-0.0],[240.0-482.0],[0.0-0.0],[0.0-0.0],[0.0-0.0],[0.0-0.0],[0.0-0.0],[0.0-2.0],[0.0-0.0],[0.0-21.0],[23.0-95.0],[11.0-66.0],[0.0-1.0],[0.0-0.0],[0.0-1.0],[1.0-5.0],[0.0-0.0],[25.0-77.0],[0.0-0.0],[0.0-1.0],[0.0-1.0],[467.0-736.0],[6.0-21.0],[23.0-40.0],[10.0-31.0],[0.0-0.0],[0.0-0.0],[401.0-728.0],[0.0-1.0],[9.0-29.0],[13.0-31.0],[9.0-17.0],[25.0-40.0],[0.0-0.0],[0.0-3.0],[0.0-1.0],[0.0-0.0],[0.0-0.0],[0.0-0.0],[0.0-0.0],[0.0-1.0],[0.0-0.0],[0.0-0.0],[0.0-0.0],[0.0-0.0],[0.0-0.0],[0.0-0.0],[0.0-0.0],[0.0-0.0],[2.0-8.0],[0.0-0.0],[7.0-16.0],[62.0-105.0],[0.0-0.0],[0.0-0.0],[17.0-42.0],[0.0-0.0],[0.0-7.0],cb,Group: 3
13-Jan,[14.0-36.0],[0.0-0.0],[7.0-16.0],[3639.0-6605.0],[623.0-1515.0],[139.0-255.0],[46.0-104.0],[401.0-728.0],[59.0-123.0],[4.0-156.0],[0.0-0.0],[0.0-0.0],[43.0-62.0],[0.0-2.0],[106.0-335.0],[0.0-0.0],[80.0-268.0],[0.0-0.0],[0.0-0.0],[14.0-36.0],[0.0-0.0],[11.0-47.0],[0.0-1.0],[0.0-0.0],[240.0-482.0],[0.0-0.0],[0.0-0.0],[0.0-0.0],[0.0-0.0],[0.0-0.0],[0.0-2.0],[0.0-0.0],[0.0-21.0],[23.0-95.0],[11.0-66.0],[0.0-1.0],[0.0-0.0],[0.0-1.0],[1.0-5.0],[0.0-0.0],[25.0-77.0],[0.0-0.0],[0.0-1.0],[0.0-1.0],[467.0-736.0],[6.0-21.0],[23.0-40.0],[10.0-31.0],[0.0-0.0],[0.0-0.0],[401.0-728.0],[0.0-1.0],[9.0-29.0],[13.0-31.0],[9.0-17.0],[25.0-40.0],[0.0-0.0],[0.0-3.0],[0.0-1.0],[0.0-0.0],[0.0-0.0],[0.0-0.0],[0.0-0.0],[0.0-1.0],[0.0-0.0],[0.0-0.0],[0.0-0.0],[0.0-0.0],[0.0-0.0],[0.0-0.0],[0.0-0.0],[0.0-0.0],[2.0-8.0],[0.0-0.0],[7.0-16.0],[62.0-105.0],[0.0-0.0],[0.0-0.0],[17.0-42.0],[0.0-0.0],[0.0-7.0],cb,Group: 3
12-Jan,[11.0-21.0],[0.0-0.0],[3.0-16.0],[3359.0-5295.0],[476.0-1061.0],[101.0-231.0],[22.0-76.0],[267.0-553.0],[44.0-83.0],[1.0-93.0],[0.0-0.0],[0.0-0.0],[41.0-49.0],[0.0-0.0],[69.0-272.0],[0.0-0.0],[63.0-195.0],[0.0-0.0],[0.0-1.0],[20.0-41.0],[0.0-0.0],[12.0-31.0],[0.0-1.0],[0.0-0.0],[158.0-398.0],[0.0-0.0],[0.0-0.0],[0.0-0.0],[0.0-1.0],[0.0-0.0],[0.0-0.0],[0.0-0.0],[1.0-22.0],[25.0-49.0],[6.0-54.0],[0.0-0.0],[0.0-0.0],[0.0-2.0],[0.0-2.0],[0.0-0.0],[17.0-45.0],[0.0-0.0],[0.0-0.0],[0.0-1.0],[451.0-723.0],[2.0-12.0],[17.0-48.0],[7.0-27.0],[0.0-0.0],[0.0-0.0],[267.0-553.0],[0.0-0.0],[7.0-17.0],[8.0-27.0],[6.0-11.0],[12.0-32.0],[0.0-0.0],[0.0-2.0],[0.0-0.0],[0.0-0.0],[0.0-0.0],[0.0-0.0],[0.0-0.0],[0.0-2.0],[0.0-0.0],[0.0-0.0],[0.0-0.0],[0.0-0.0],[0.0-0.0],[0.0-0.0],[0.0-0.0],[0.0-0.0],[0.0-3.0],[0.0-0.0],[3.0-16.0],[43.0-97.0],[0.0-0.0],[0.0-0.0],[12.0-31.0],[0.0-0.0],[0.0-8.0],cb,Group: 4
12-Jun,[11.0-21.0],[0.0-0.0],[3.0-16.0],[3359.0-5295.0],[476.0-1061.0],[101.0-231.0],[22.0-76.0],[267.0-553.0],[44.0-83.0],[1.0-93.0],[0.0-0.0],[0.0-0.0],[41.0-49.0],[0.0-0.0],[69.0-272.0],[0.0-0.0],[63.0-195.0],[0.0-0.0],[0.0-1.0],[20.0-41.0],[0.0-0.0],[12.0-31.0],[0.0-1.0],[0.0-0.0],[158.0-398.0],[0.0-0.0],[0.0-0.0],[0.0-0.0],[0.0-1.0],[0.0-0.0],[0.0-0.0],[0.0-0.0],[1.0-22.0],[25.0-49.0],[6.0-54.0],[0.0-0.0],[0.0-0.0],[0.0-2.0],[0.0-2.0],[0.0-0.0],[17.0-45.0],[0.0-0.0],[0.0-0.0],[0.0-1.0],[451.0-723.0],[2.0-12.0],[17.0-48.0],[7.0-27.0],[0.0-0.0],[0.0-0.0],[267.0-553.0],[0.0-0.0],[7.0-17.0],[8.0-27.0],[6.0-11.0],[12.0-32.0],[0.0-0.0],[0.0-2.0],[0.0-0.0],[0.0-0.0],[0.0-0.0],[0.0-0.0],[0.0-0.0],[0.0-2.0],[0.0-0.0],[0.0-0.0],[0.0-0.0],[0.0-0.0],[0.0-0.0],[0.0-0.0],[0.0-0.0],[0.0-0.0],[0.0-3.0],[0.0-0.0],[3.0-16.0],[43.0-97.0],[0.0-0.0],[0.0-0.0],[12.0-31.0],[0.0-0.0],[0.0-8.0],cb,Group: 4
12-Sep,[11.0-21.0],[0.0-0.0],[3.0-16.0],[3359.0-5295.0],[476.0-1061.0],[101.0-231.0],[22.0-76.0],[267.0-553.0],[44.0-83.0],[1.0-93.0],[0.0-0.0],[0.0-0.0],[41.0-49.0],[0.0-0.0],[69.0-272.0],[0.0-0.0],[63.0-195.0],[0.0-0.0],[0.0-1.0],[20.0-41.0],[0.0-0.0],[12.0-31.0],[0.0-1.0],[0.0-0.0],[158.0-398.0],[0.0-0.0],[0.0-0.0],[0.0-0.0],[0.0-1.0],[0.0-0.0],[0.0-0.0],[0.0-0.0],[1.0-22.0],[25.0-49.0],[6.0-54.0],[0.0-0.0],[0.0-0.0],[0.0-2.0],[0.0-2.0],[0.0-0.0],[17.0-45.0],[0.0-0.0],[0.0-0.0],[0.0-1.0],[451.0-723.0],[2.0-12.0],[17.0-48.0],[7.0-27.0],[0.0-0.0],[0.0-0.0],[267.0-553.0],[0.0-0.0],[7.0-17.0],[8.0-27.0],[6.0-11.0],[12.0-32.0],[0.0-0.0],[0.0-2.0],[0.0-0.0],[0.0-0.0],[0.0-0.0],[0.0-0.0],[0.0-0.0],[0.0-2.0],[0.0-0.0],[0.0-0.0],[0.0-0.0],[0.0-0.0],[0.0-0.0],[0.0-0.0],[0.0-0.0],[0.0-0.0],[0.0-3.0],[0.0-0.0],[3.0-16.0],[43.0-97.0],[0.0-0.0],[0.0-0.0],[12.0-31.0],[0.0-0.0],[0.0-8.0],cb,Group: 4
11-Apr,[11.0-21.0],[0.0-0.0],[3.0-16.0],[3359.0-5295.0],[476.0-1061.0],[101.0-231.0],[22.0-76.0],[267.0-553.0],[44.0-83.0],[1.0-93.0],[0.0-0.0],[0.0-0.0],[41.0-49.0],[0.0-0.0],[69.0-272.0],[0.0-0.0],[63.0-195.0],[0.0-0.0],[0.0-1.0],[20.0-41.0],[0.0-0.0],[12.0-31.0],[0.0-1.0],[0.0-0.0],[158.0-398.0],[0.0-0.0],[0.0-0.0],[0.0-0.0],[0.0-1.0],[0.0-0.0],[0.0-0.0],[0.0-0.0],[1.0-22.0],[25.0-49.0],[6.0-54.0],[0.0-0.0],[0.0-0.0],[0.0-2.0],[0.0-2.0],[0.0-0.0],[17.0-45.0],[0.0-0.0],[0.0-0.0],[0.0-1.0],[451.0-723.0],[2.0-12.0],[17.0-48.0],[7.0-27.0],[0.0-0.0],[0.0-0.0],[267.0-553.0],[0.0-0.0],[7.0-17.0],[8.0-27.0],[6.0-11.0],[12.0-32.0],[0.0-0.0],[0.0-2.0],[0.0-0.0],[0.0-0.0],[0.0-0.0],[0.0-0.0],[0.0-0.0],[0.0-2.0],[0.0-0.0],[0.0-0.0],[0.0-0.0],[0.0-0.0],[0.0-0.0],[0.0-0.0],[0.0-0.0],[0.0-0.0],[0.0-3.0],[0.0-0.0],[3.0-16.0],[43.0-97.0],[0.0-0.0],[0.0-0.0],[12.0-31.0],[0.0-0.0],[0.0-8.0],cb,Group: 4
11-Sep,[11.0-21.0],[0.0-0.0],[3.0-16.0],[3359.0-5295.0],[476.0-1061.0],[101.0-231.0],[22.0-76.0],[267.0-553.0],[44.0-83.0],[1.0-93.0],[0.0-0.0],[0.0-0.0],[41.0-49.0],[0.0-0.0],[69.0-272.0],[0.0-0.0],[63.0-195.0],[0.0-0.0],[0.0-1.0],[20.0-41.0],[0.0-0.0],[12.0-31.0],[0.0-1.0],[0.0-0.0],[158.0-398.0],[0.0-0.0],[0.0-0.0],[0.0-0.0],[0.0-1.0],[0.0-0.0],[0.0-0.0],[0.0-0.0],[1.0-22.0],[25.0-49.0],[6.0-54.0],[0.0-0.0],[0.0-0.0],[0.0-2.0],[0.0-2.0],[0.0-0.0],[17.0-45.0],[0.0-0.0],[0.0-0.0],[0.0-1.0],[451.0-723.0],[2.0-12.0],[17.0-48.0],[7.0-27.0],[0.0-0.0],[0.0-0.0],[267.0-553.0],[0.0-0.0],[7.0-17.0],[8.0-27.0],[6.0-11.0],[12.0-32.0],[0.0-0.0],[0.0-2.0],[0.0-0.0],[0.0-0.0],[0.0-0.0],[0.0-0.0],[0.0-0.0],[0.0-2.0],[0.0-0.0],[0.0-0.0],[0.0-0.0],[0.0-0.0],[0.0-0.0],[0.0-0.0],[0.0-0.0],[0.0-0.0],[0.0-3.0],[0.0-0.0],[3.0-16.0],[43.0-97.0],[0.0-0.0],[0.0-0.0],[12.0-31.0],[0.0-0.0],[0.0-8.0],cb,Group: 4
09-Jul,[0.0-2.0],[0.0-0.0],[0.0-4.0],[768.0-1552.0],[12.0-80.0],[6.0-27.0],[3.0-9.0],[32.0-99.0],[6.0-11.0],[0.0-0.0],[0.0-0.0],[0.0-0.0],[11.0-19.0],[0.0-0.0],[6.0-14.0],[0.0-0.0],[10.0-25.0],[0.0-0.0],[0.0-0.0],[1.0-15.0],[0.0-0.0],[0.0-6.0],[0.0-0.0],[0.0-0.0],[4.0-32.0],[0.0-0.0],[0.0-0.0],[0.0-0.0],[0.0-0.0],[0.0-0.0],[0.0-0.0],[0.0-0.0],[0.0-0.0],[3.0-7.0],[0.0-0.0],[0.0-0.0],[0.0-0.0],[0.0-0.0],[0.0-0.0],[0.0-1.0],[6.0-12.0],[0.0-0.0],[0.0-0.0],[0.0-0.0],[111.0-209.0],[0.0-0.0],[3.0-21.0],[0.0-1.0],[0.0-0.0],[0.0-0.0],[32.0-99.0],[0.0-0.0],[0.0-3.0],[1.0-5.0],[0.0-2.0],[0.0-8.0],[0.0-0.0],[0.0-0.0],[0.0-0.0],[0.0-0.0],[0.0-0.0],[0.0-0.0],[0.0-0.0],[0.0-0.0],[0.0-0.0],[0.0-0.0],[0.0-0.0],[0.0-0.0],[0.0-0.0],[0.0-0.0],[0.0-0.0],[0.0-0.0],[0.0-1.0],[0.0-0.0],[0.0-4.0],[11.0-21.0],[0.0-0.0],[0.0-0.0],[4.0-9.0],[0.0-0.0],[0.0-0.0],cb,Group: 5
09-Aug,[0.0-2.0],[0.0-0.0],[0.0-4.0],[768.0-1552.0],[12.0-80.0],[6.0-27.0],[3.0-9.0],[32.0-99.0],[6.0-11.0],[0.0-0.0],[0.0-0.0],[0.0-0.0],[11.0-19.0],[0.0-0.0],[6.0-14.0],[0.0-0.0],[10.0-25.0],[0.0-0.0],[0.0-0.0],[1.0-15.0],[0.0-0.0],[0.0-6.0],[0.0-0.0],[0.0-0.0],[4.0-32.0],[0.0-0.0],[0.0-0.0],[0.0-0.0],[0.0-0.0],[0.0-0.0],[0.0-0.0],[0.0-0.0],[0.0-0.0],[3.0-7.0],[0.0-0.0],[0.0-0.0],[0.0-0.0],[0.0-0.0],[0.0-0.0],[0.0-1.0],[6.0-12.0],[0.0-0.0],[0.0-0.0],[0.0-0.0],[111.0-209.0],[0.0-0.0],[3.0-21.0],[0.0-1.0],[0.0-0.0],[0.0-0.0],[32.0-99.0],[0.0-0.0],[0.0-3.0],[1.0-5.0],[0.0-2.0],[0.0-8.0],[0.0-0.0],[0.0-0.0],[0.0-0.0],[0.0-0.0],[0.0-0.0],[0.0-0.0],[0.0-0.0],[0.0-0.0],[0.0-0.0],[0.0-0.0],[0.0-0.0],[0.0-0.0],[0.0-0.0],[0.0-0.0],[0.0-0.0],[0.0-0.0],[0.0-1.0],[0.0-0.0],[0.0-4.0],[11.0-21.0],[0.0-0.0],[0.0-0.0],[4.0-9.0],[0.0-0.0],[0.0-0.0],cb,Group: 5
09-Dec,[0.0-2.0],[0.0-0.0],[0.0-4.0],[768.0-1552.0],[12.0-80.0],[6.0-27.0],[3.0-9.0],[32.0-99.0],[6.0-11.0],[0.0-0.0],[0.0-0.0],[0.0-0.0],[11.0-19.0],[0.0-0.0],[6.0-14.0],[0.0-0.0],[10.0-25.0],[0.0-0.0],[0.0-0.0],[1.0-15.0],[0.0-0.0],[0.0-6.0],[0.0-0.0],[0.0-0.0],[4.0-32.0],[0.0-0.0],[0.0-0.0],[0.0-0.0],[0.0-0.0],[0.0-0.0],[0.0-0.0],[0.0-0.0],[0.0-0.0],[3.0-7.0],[0.0-0.0],[0.0-0.0],[0.0-0.0],[0.0-0.0],[0.0-0.0],[0.0-1.0],[6.0-12.0],[0.0-0.0],[0.0-0.0],[0.0-0.0],[111.0-209.0],[0.0-0.0],[3.0-21.0],[0.0-1.0],[0.0-0.0],[0.0-0.0],[32.0-99.0],[0.0-0.0],[0.0-3.0],[1.0-5.0],[0.0-2.0],[0.0-8.0],[0.0-0.0],[0.0-0.0],[0.0-0.0],[0.0-0.0],[0.0-0.0],[0.0-0.0],[0.0-0.0],[0.0-0.0],[0.0-0.0],[0.0-0.0],[0.0-0.0],[0.0-0.0],[0.0-0.0],[0.0-0.0],[0.0-0.0],[0.0-0.0],[0.0-1.0],[0.0-0.0],[0.0-4.0],[11.0-21.0],[0.0-0.0],[0.0-0.0],[4.0-9.0],[0.0-0.0],[0.0-0.0],cb,Group: 5
09-Apr,[0.0-2.0],[0.0-0.0],[0.0-4.0],[768.0-1552.0],[12.0-80.0],[6.0-27.0],[3.0-9.0],[32.0-99.0],[6.0-11.0],[0.0-0.0],[0.0-0.0],[0.0-0.0],[11.0-19.0],[0.0-0.0],[6.0-14.0],[0.0-0.0],[10.0-25.0],[0.0-0.0],[0.0-0.0],[1.0-15.0],[0.0-0.0],[0.0-6.0],[0.0-0.0],[0.0-0.0],[4.0-32.0],[0.0-0.0],[0.0-0.0],[0.0-0.0],[0.0-0.0],[0.0-0.0],[0.0-0.0],[0.0-0.0],[0.0-0.0],[3.0-7.0],[0.0-0.0],[0.0-0.0],[0.0-0.0],[0.0-0.0],[0.0-0.0],[0.0-1.0],[6.0-12.0],[0.0-0.0],[0.0-0.0],[0.0-0.0],[111.0-209.0],[0.0-0.0],[3.0-21.0],[0.0-1.0],[0.0-0.0],[0.0-0.0],[32.0-99.0],[0.0-0.0],[0.0-3.0],[1.0-5.0],[0.0-2.0],[0.0-8.0],[0.0-0.0],[0.0-0.0],[0.0-0.0],[0.0-0.0],[0.0-0.0],[0.0-0.0],[0.0-0.0],[0.0-0.0],[0.0-0.0],[0.0-0.0],[0.0-0.0],[0.0-0.0],[0.0-0.0],[0.0-0.0],[0.0-0.0],[0.0-0.0],[0.0-1.0],[0.0-0.0],[0.0-4.0],[11.0-21.0],[0.0-0.0],[0.0-0.0],[4.0-9.0],[0.0-0.0],[0.0-0.0],cb,Group: 5
09-Oct,[0.0-2.0],[0.0-0.0],[0.0-4.0],[768.0-1552.0],[12.0-80.0],[6.0-27.0],[3.0-9.0],[32.0-99.0],[6.0-11.0],[0.0-0.0],[0.0-0.0],[0.0-0.0],[11.0-19.0],[0.0-0.0],[6.0-14.0],[0.0-0.0],[10.0-25.0],[0.0-0.0],[0.0-0.0],[1.0-15.0],[0.0-0.0],[0.0-6.0],[0.0-0.0],[0.0-0.0],[4.0-32.0],[0.0-0.0],[0.0-0.0],[0.0-0.0],[0.0-0.0],[0.0-0.0],[0.0-0.0],[0.0-0.0],[0.0-0.0],[3.0-7.0],[0.0-0.0],[0.0-0.0],[0.0-0.0],[0.0-0.0],[0.0-0.0],[0.0-1.0],[6.0-12.0],[0.0-0.0],[0.0-0.0],[0.0-0.0],[111.0-209.0],[0.0-0.0],[3.0-21.0],[0.0-1.0],[0.0-0.0],[0.0-0.0],[32.0-99.0],[0.0-0.0],[0.0-3.0],[1.0-5.0],[0.0-2.0],[0.0-8.0],[0.0-0.0],[0.0-0.0],[0.0-0.0],[0.0-0.0],[0.0-0.0],[0.0-0.0],[0.0-0.0],[0.0-0.0],[0.0-0.0],[0.0-0.0],[0.0-0.0],[0.0-0.0],[0.0-0.0],[0.0-0.0],[0.0-0.0],[0.0-0.0],[0.0-1.0],[0.0-0.0],[0.0-4.0],[11.0-21.0],[0.0-0.0],[0.0-0.0],[4.0-9.0],[0.0-0.0],[0.0-0.0],cb,Group: 5
09-Sep,[0.0-7.0],[0.0-0.0],[0.0-2.0],[1169.0-2671.0],[94.0-221.0],[8.0-62.0],[2.0-19.0],[51.0-173.0],[2.0-23.0],[0.0-0.0],[0.0-0.0],[0.0-0.0],[12.0-39.0],[0.0-0.0],[8.0-34.0],[0.0-0.0],[15.0-41.0],[0.0-0.0],[0.0-0.0],[5.0-14.0],[0.0-0.0],[2.0-12.0],[0.0-0.0],[0.0-0.0],[9.0-76.0],[0.0-0.0],[0.0-0.0],[0.0-0.0],[0.0-0.0],[0.0-0.0],[0.0-0.0],[0.0-0.0],[0.0-0.0],[2.0-15.0],[0.0-11.0],[0.0-0.0],[0.0-0.0],[0.0-1.0],[0.0-0.0],[0.0-0.0],[4.0-18.0],[0.0-0.0],[0.0-0.0],[0.0-0.0],[167.0-354.0],[0.0-0.0],[9.0-37.0],[0.0-4.0],[0.0-0.0],[0.0-0.0],[51.0-173.0],[0.0-0.0],[1.0-8.0],[1.0-9.0],[0.0-4.0],[4.0-11.0],[0.0-0.0],[0.0-1.0],[0.0-0.0],[0.0-0.0],[0.0-0.0],[0.0-0.0],[0.0-0.0],[0.0-1.0],[0.0-0.0],[0.0-0.0],[0.0-0.0],[0.0-0.0],[0.0-0.0],[0.0-0.0],[0.0-0.0],[0.0-0.0],[0.0-3.0],[0.0-0.0],[0.0-2.0],[13.0-31.0],[0.0-0.0],[0.0-0.0],[5.0-18.0],[0.0-0.0],[0.0-0.0],cb,Group: 6
10-Feb,[0.0-7.0],[0.0-0.0],[0.0-2.0],[1169.0-2671.0],[94.0-221.0],[8.0-62.0],[2.0-19.0],[51.0-173.0],[2.0-23.0],[0.0-0.0],[0.0-0.0],[0.0-0.0],[12.0-39.0],[0.0-0.0],[8.0-34.0],[0.0-0.0],[15.0-41.0],[0.0-0.0],[0.0-0.0],[5.0-14.0],[0.0-0.0],[2.0-12.0],[0.0-0.0],[0.0-0.0],[9.0-76.0],[0.0-0.0],[0.0-0.0],[0.0-0.0],[0.0-0.0],[0.0-0.0],[0.0-0.0],[0.0-0.0],[0.0-0.0],[2.0-15.0],[0.0-11.0],[0.0-0.0],[0.0-0.0],[0.0-1.0],[0.0-0.0],[0.0-0.0],[4.0-18.0],[0.0-0.0],[0.0-0.0],[0.0-0.0],[167.0-354.0],[0.0-0.0],[9.0-37.0],[0.0-4.0],[0.0-0.0],[0.0-0.0],[51.0-173.0],[0.0-0.0],[1.0-8.0],[1.0-9.0],[0.0-4.0],[4.0-11.0],[0.0-0.0],[0.0-1.0],[0.0-0.0],[0.0-0.0],[0.0-0.0],[0.0-0.0],[0.0-0.0],[0.0-1.0],[0.0-0.0],[0.0-0.0],[0.0-0.0],[0.0-0.0],[0.0-0.0],[0.0-0.0],[0.0-0.0],[0.0-0.0],[0.0-3.0],[0.0-0.0],[0.0-2.0],[13.0-31.0],[0.0-0.0],[0.0-0.0],[5.0-18.0],[0.0-0.0],[0.0-0.0],cb,Group: 6
09-Nov,[0.0-7.0],[0.0-0.0],[0.0-2.0],[1169.0-2671.0],[94.0-221.0],[8.0-62.0],[2.0-19.0],[51.0-173.0],[2.0-23.0],[0.0-0.0],[0.0-0.0],[0.0-0.0],[12.0-39.0],[0.0-0.0],[8.0-34.0],[0.0-0.0],[15.0-41.0],[0.0-0.0],[0.0-0.0],[5.0-14.0],[0.0-0.0],[2.0-12.0],[0.0-0.0],[0.0-0.0],[9.0-76.0],[0.0-0.0],[0.0-0.0],[0.0-0.0],[0.0-0.0],[0.0-0.0],[0.0-0.0],[0.0-0.0],[0.0-0.0],[2.0-15.0],[0.0-11.0],[0.0-0.0],[0.0-0.0],[0.0-1.0],[0.0-0.0],[0.0-0.0],[4.0-18.0],[0.0-0.0],[0.0-0.0],[0.0-0.0],[167.0-354.0],[0.0-0.0],[9.0-37.0],[0.0-4.0],[0.0-0.0],[0.0-0.0],[51.0-173.0],[0.0-0.0],[1.0-8.0],[1.0-9.0],[0.0-4.0],[4.0-11.0],[0.0-0.0],[0.0-1.0],[0.0-0.0],[0.0-0.0],[0.0-0.0],[0.0-0.0],[0.0-0.0],[0.0-1.0],[0.0-0.0],[0.0-0.0],[0.0-0.0],[0.0-0.0],[0.0-0.0],[0.0-0.0],[0.0-0.0],[0.0-0.0],[0.0-3.0],[0.0-0.0],[0.0-2.0],[13.0-31.0],[0.0-0.0],[0.0-0.0],[5.0-18.0],[0.0-0.0],[0.0-0.0],cb,Group: 6
10-Dec,[0.0-7.0],[0.0-0.0],[0.0-2.0],[1169.0-2671.0],[94.0-221.0],[8.0-62.0],[2.0-19.0],[51.0-173.0],[2.0-23.0],[0.0-0.0],[0.0-0.0],[0.0-0.0],[12.0-39.0],[0.0-0.0],[8.0-34.0],[0.0-0.0],[15.0-41.0],[0.0-0.0],[0.0-0.0],[5.0-14.0],[0.0-0.0],[2.0-12.0],[0.0-0.0],[0.0-0.0],[9.0-76.0],[0.0-0.0],[0.0-0.0],[0.0-0.0],[0.0-0.0],[0.0-0.0],[0.0-0.0],[0.0-0.0],[0.0-0.0],[2.0-15.0],[0.0-11.0],[0.0-0.0],[0.0-0.0],[0.0-1.0],[0.0-0.0],[0.0-0.0],[4.0-18.0],[0.0-0.0],[0.0-0.0],[0.0-0.0],[167.0-354.0],[0.0-0.0],[9.0-37.0],[0.0-4.0],[0.0-0.0],[0.0-0.0],[51.0-173.0],[0.0-0.0],[1.0-8.0],[1.0-9.0],[0.0-4.0],[4.0-11.0],[0.0-0.0],[0.0-1.0],[0.0-0.0],[0.0-0.0],[0.0-0.0],[0.0-0.0],[0.0-0.0],[0.0-1.0],[0.0-0.0],[0.0-0.0],[0.0-0.0],[0.0-0.0],[0.0-0.0],[0.0-0.0],[0.0-0.0],[0.0-0.0],[0.0-3.0],[0.0-0.0],[0.0-2.0],[13.0-31.0],[0.0-0.0],[0.0-0.0],[5.0-18.0],[0.0-0.0],[0.0-0.0],cb,Group: 6
10-Oct,[0.0-7.0],[0.0-0.0],[0.0-2.0],[1169.0-2671.0],[94.0-221.0],[8.0-62.0],[2.0-19.0],[51.0-173.0],[2.0-23.0],[0.0-0.0],[0.0-0.0],[0.0-0.0],[12.0-39.0],[0.0-0.0],[8.0-34.0],[0.0-0.0],[15.0-41.0],[0.0-0.0],[0.0-0.0],[5.0-14.0],[0.0-0.0],[2.0-12.0],[0.0-0.0],[0.0-0.0],[9.0-76.0],[0.0-0.0],[0.0-0.0],[0.0-0.0],[0.0-0.0],[0.0-0.0],[0.0-0.0],[0.0-0.0],[0.0-0.0],[2.0-15.0],[0.0-11.0],[0.0-0.0],[0.0-0.0],[0.0-1.0],[0.0-0.0],[0.0-0.0],[4.0-18.0],[0.0-0.0],[0.0-0.0],[0.0-0.0],[167.0-354.0],[0.0-0.0],[9.0-37.0],[0.0-4.0],[0.0-0.0],[0.0-0.0],[51.0-173.0],[0.0-0.0],[1.0-8.0],[1.0-9.0],[0.0-4.0],[4.0-11.0],[0.0-0.0],[0.0-1.0],[0.0-0.0],[0.0-0.0],[0.0-0.0],[0.0-0.0],[0.0-0.0],[0.0-1.0],[0.0-0.0],[0.0-0.0],[0.0-0.0],[0.0-0.0],[0.0-0.0],[0.0-0.0],[0.0-0.0],[0.0-0.0],[0.0-3.0],[0.0-0.0],[0.0-2.0],[13.0-31.0],[0.0-0.0],[0.0-0.0],[5.0-18.0],[0.0-0.0],[0.0-0.0],cb,Group: 6
09-Feb,[0.0-1.0],[0.0-0.0],[0.0-0.0],[631.0-1003.0],[2.0-9.0],[4.0-7.0],[2.0-3.0],[19.0-42.0],[3.0-8.0],[0.0-0.0],[0.0-0.0],[0.0-0.0],[8.0-12.0],[0.0-0.0],[1.0-3.0],[0.0-0.0],[4.0-19.0],[0.0-0.0],[0.0-0.0],[4.0-11.0],[0.0-0.0],[0.0-2.0],[0.0-0.0],[0.0-0.0],[1.0-10.0],[0.0-0.0],[0.0-0.0],[0.0-0.0],[0.0-0.0],[0.0-0.0],[0.0-0.0],[0.0-0.0],[0.0-0.0],[4.0-14.0],[0.0-0.0],[0.0-0.0],[0.0-0.0],[0.0-0.0],[0.0-0.0],[0.0-0.0],[0.0-7.0],[0.0-0.0],[0.0-0.0],[0.0-0.0],[95.0-127.0],[0.0-0.0],[3.0-7.0],[0.0-0.0],[0.0-0.0],[0.0-0.0],[19.0-42.0],[0.0-0.0],[0.0-3.0],[0.0-4.0],[0.0-0.0],[1.0-6.0],[0.0-0.0],[0.0-0.0],[0.0-0.0],[0.0-0.0],[0.0-0.0],[0.0-0.0],[0.0-0.0],[0.0-0.0],[0.0-0.0],[0.0-0.0],[0.0-0.0],[0.0-0.0],[0.0-0.0],[0.0-0.0],[0.0-0.0],[0.0-0.0],[0.0-1.0],[0.0-0.0],[0.0-0.0],[5.0-10.0],[0.0-0.0],[0.0-0.0],[2.0-11.0],[0.0-0.0],[0.0-0.0],cb,Group: 7
09-May,[0.0-1.0],[0.0-0.0],[0.0-0.0],[631.0-1003.0],[2.0-9.0],[4.0-7.0],[2.0-3.0],[19.0-42.0],[3.0-8.0],[0.0-0.0],[0.0-0.0],[0.0-0.0],[8.0-12.0],[0.0-0.0],[1.0-3.0],[0.0-0.0],[4.0-19.0],[0.0-0.0],[0.0-0.0],[4.0-11.0],[0.0-0.0],[0.0-2.0],[0.0-0.0],[0.0-0.0],[1.0-10.0],[0.0-0.0],[0.0-0.0],[0.0-0.0],[0.0-0.0],[0.0-0.0],[0.0-0.0],[0.0-0.0],[0.0-0.0],[4.0-14.0],[0.0-0.0],[0.0-0.0],[0.0-0.0],[0.0-0.0],[0.0-0.0],[0.0-0.0],[0.0-7.0],[0.0-0.0],[0.0-0.0],[0.0-0.0],[95.0-127.0],[0.0-0.0],[3.0-7.0],[0.0-0.0],[0.0-0.0],[0.0-0.0],[19.0-42.0],[0.0-0.0],[0.0-3.0],[0.0-4.0],[0.0-0.0],[1.0-6.0],[0.0-0.0],[0.0-0.0],[0.0-0.0],[0.0-0.0],[0.0-0.0],[0.0-0.0],[0.0-0.0],[0.0-0.0],[0.0-0.0],[0.0-0.0],[0.0-0.0],[0.0-0.0],[0.0-0.0],[0.0-0.0],[0.0-0.0],[0.0-0.0],[0.0-1.0],[0.0-0.0],[0.0-0.0],[5.0-10.0],[0.0-0.0],[0.0-0.0],[2.0-11.0],[0.0-0.0],[0.0-0.0],cb,Group: 7
09-Mar,[0.0-1.0],[0.0-0.0],[0.0-0.0],[631.0-1003.0],[2.0-9.0],[4.0-7.0],[2.0-3.0],[19.0-42.0],[3.0-8.0],[0.0-0.0],[0.0-0.0],[0.0-0.0],[8.0-12.0],[0.0-0.0],[1.0-3.0],[0.0-0.0],[4.0-19.0],[0.0-0.0],[0.0-0.0],[4.0-11.0],[0.0-0.0],[0.0-2.0],[0.0-0.0],[0.0-0.0],[1.0-10.0],[0.0-0.0],[0.0-0.0],[0.0-0.0],[0.0-0.0],[0.0-0.0],[0.0-0.0],[0.0-0.0],[0.0-0.0],[4.0-14.0],[0.0-0.0],[0.0-0.0],[0.0-0.0],[0.0-0.0],[0.0-0.0],[0.0-0.0],[0.0-7.0],[0.0-0.0],[0.0-0.0],[0.0-0.0],[95.0-127.0],[0.0-0.0],[3.0-7.0],[0.0-0.0],[0.0-0.0],[0.0-0.0],[19.0-42.0],[0.0-0.0],[0.0-3.0],[0.0-4.0],[0.0-0.0],[1.0-6.0],[0.0-0.0],[0.0-0.0],[0.0-0.0],[0.0-0.0],[0.0-0.0],[0.0-0.0],[0.0-0.0],[0.0-0.0],[0.0-0.0],[0.0-0.0],[0.0-0.0],[0.0-0.0],[0.0-0.0],[0.0-0.0],[0.0-0.0],[0.0-0.0],[0.0-1.0],[0.0-0.0],[0.0-0.0],[5.0-10.0],[0.0-0.0],[0.0-0.0],[2.0-11.0],[0.0-0.0],[0.0-0.0],cb,Group: 7
09-Jan,[0.0-1.0],[0.0-0.0],[0.0-0.0],[631.0-1003.0],[2.0-9.0],[4.0-7.0],[2.0-3.0],[19.0-42.0],[3.0-8.0],[0.0-0.0],[0.0-0.0],[0.0-0.0],[8.0-12.0],[0.0-0.0],[1.0-3.0],[0.0-0.0],[4.0-19.0],[0.0-0.0],[0.0-0.0],[4.0-11.0],[0.0-0.0],[0.0-2.0],[0.0-0.0],[0.0-0.0],[1.0-10.0],[0.0-0.0],[0.0-0.0],[0.0-0.0],[0.0-0.0],[0.0-0.0],[0.0-0.0],[0.0-0.0],[0.0-0.0],[4.0-14.0],[0.0-0.0],[0.0-0.0],[0.0-0.0],[0.0-0.0],[0.0-0.0],[0.0-0.0],[0.0-7.0],[0.0-0.0],[0.0-0.0],[0.0-0.0],[95.0-127.0],[0.0-0.0],[3.0-7.0],[0.0-0.0],[0.0-0.0],[0.0-0.0],[19.0-42.0],[0.0-0.0],[0.0-3.0],[0.0-4.0],[0.0-0.0],[1.0-6.0],[0.0-0.0],[0.0-0.0],[0.0-0.0],[0.0-0.0],[0.0-0.0],[0.0-0.0],[0.0-0.0],[0.0-0.0],[0.0-0.0],[0.0-0.0],[0.0-0.0],[0.0-0.0],[0.0-0.0],[0.0-0.0],[0.0-0.0],[0.0-0.0],[0.0-1.0],[0.0-0.0],[0.0-0.0],[5.0-10.0],[0.0-0.0],[0.0-0.0],[2.0-11.0],[0.0-0.0],[0.0-0.0],cb,Group: 7
11-Mar,[15.0-22.0],[0.0-0.0],[3.0-9.0],[3024.0-5073.0],[322.0-892.0],[62.0-167.0],[24.0-66.0],[292.0-579.0],[28.0-63.0],[0.0-29.0],[0.0-0.0],[0.0-0.0],[38.0-47.0],[0.0-0.0],[61.0-177.0],[0.0-0.0],[66.0-150.0],[0.0-0.0],[0.0-2.0],[20.0-48.0],[0.0-0.0],[12.0-23.0],[0.0-0.0],[0.0-0.0],[104.0-339.0],[0.0-0.0],[0.0-0.0],[0.0-0.0],[0.0-1.0],[0.0-0.0],[0.0-0.0],[0.0-0.0],[0.0-5.0],[23.0-44.0],[10.0-29.0],[0.0-1.0],[0.0-0.0],[0.0-0.0],[0.0-2.0],[0.0-0.0],[12.0-37.0],[0.0-0.0],[0.0-0.0],[0.0-2.0],[408.0-676.0],[0.0-5.0],[25.0-35.0],[13.0-32.0],[0.0-0.0],[0.0-0.0],[292.0-579.0],[0.0-0.0],[2.0-26.0],[17.0-25.0],[7.0-14.0],[13.0-26.0],[0.0-0.0],[0.0-2.0],[0.0-0.0],[0.0-0.0],[0.0-0.0],[0.0-0.0],[0.0-0.0],[0.0-1.0],[0.0-0.0],[0.0-0.0],[0.0-0.0],[0.0-0.0],[0.0-0.0],[0.0-0.0],[0.0-0.0],[0.0-0.0],[1.0-4.0],[0.0-0.0],[3.0-9.0],[32.0-75.0],[0.0-0.0],[0.0-0.0],[24.0-35.0],[0.0-0.0],[0.0-1.0],cb,Group: 8
12-Mar,[15.0-22.0],[0.0-0.0],[3.0-9.0],[3024.0-5073.0],[322.0-892.0],[62.0-167.0],[24.0-66.0],[292.0-579.0],[28.0-63.0],[0.0-29.0],[0.0-0.0],[0.0-0.0],[38.0-47.0],[0.0-0.0],[61.0-177.0],[0.0-0.0],[66.0-150.0],[0.0-0.0],[0.0-2.0],[20.0-48.0],[0.0-0.0],[12.0-23.0],[0.0-0.0],[0.0-0.0],[104.0-339.0],[0.0-0.0],[0.0-0.0],[0.0-0.0],[0.0-1.0],[0.0-0.0],[0.0-0.0],[0.0-0.0],[0.0-5.0],[23.0-44.0],[10.0-29.0],[0.0-1.0],[0.0-0.0],[0.0-0.0],[0.0-2.0],[0.0-0.0],[12.0-37.0],[0.0-0.0],[0.0-0.0],[0.0-2.0],[408.0-676.0],[0.0-5.0],[25.0-35.0],[13.0-32.0],[0.0-0.0],[0.0-0.0],[292.0-579.0],[0.0-0.0],[2.0-26.0],[17.0-25.0],[7.0-14.0],[13.0-26.0],[0.0-0.0],[0.0-2.0],[0.0-0.0],[0.0-0.0],[0.0-0.0],[0.0-0.0],[0.0-0.0],[0.0-1.0],[0.0-0.0],[0.0-0.0],[0.0-0.0],[0.0-0.0],[0.0-0.0],[0.0-0.0],[0.0-0.0],[0.0-0.0],[1.0-4.0],[0.0-0.0],[3.0-9.0],[32.0-75.0],[0.0-0.0],[0.0-0.0],[24.0-35.0],[0.0-0.0],[0.0-1.0],cb,Group: 8
12-Feb,[15.0-22.0],[0.0-0.0],[3.0-9.0],[3024.0-5073.0],[322.0-892.0],[62.0-167.0],[24.0-66.0],[292.0-579.0],[28.0-63.0],[0.0-29.0],[0.0-0.0],[0.0-0.0],[38.0-47.0],[0.0-0.0],[61.0-177.0],[0.0-0.0],[66.0-150.0],[0.0-0.0],[0.0-2.0],[20.0-48.0],[0.0-0.0],[12.0-23.0],[0.0-0.0],[0.0-0.0],[104.0-339.0],[0.0-0.0],[0.0-0.0],[0.0-0.0],[0.0-1.0],[0.0-0.0],[0.0-0.0],[0.0-0.0],[0.0-5.0],[23.0-44.0],[10.0-29.0],[0.0-1.0],[0.0-0.0],[0.0-0.0],[0.0-2.0],[0.0-0.0],[12.0-37.0],[0.0-0.0],[0.0-0.0],[0.0-2.0],[408.0-676.0],[0.0-5.0],[25.0-35.0],[13.0-32.0],[0.0-0.0],[0.0-0.0],[292.0-579.0],[0.0-0.0],[2.0-26.0],[17.0-25.0],[7.0-14.0],[13.0-26.0],[0.0-0.0],[0.0-2.0],[0.0-0.0],[0.0-0.0],[0.0-0.0],[0.0-0.0],[0.0-0.0],[0.0-1.0],[0.0-0.0],[0.0-0.0],[0.0-0.0],[0.0-0.0],[0.0-0.0],[0.0-0.0],[0.0-0.0],[0.0-0.0],[1.0-4.0],[0.0-0.0],[3.0-9.0],[32.0-75.0],[0.0-0.0],[0.0-0.0],[24.0-35.0],[0.0-0.0],[0.0-1.0],cb,Group: 8
11-Feb,[15.0-22.0],[0.0-0.0],[3.0-9.0],[3024.0-5073.0],[322.0-892.0],[62.0-167.0],[24.0-66.0],[292.0-579.0],[28.0-63.0],[0.0-29.0],[0.0-0.0],[0.0-0.0],[38.0-47.0],[0.0-0.0],[61.0-177.0],[0.0-0.0],[66.0-150.0],[0.0-0.0],[0.0-2.0],[20.0-48.0],[0.0-0.0],[12.0-23.0],[0.0-0.0],[0.0-0.0],[104.0-339.0],[0.0-0.0],[0.0-0.0],[0.0-0.0],[0.0-1.0],[0.0-0.0],[0.0-0.0],[0.0-0.0],[0.0-5.0],[23.0-44.0],[10.0-29.0],[0.0-1.0],[0.0-0.0],[0.0-0.0],[0.0-2.0],[0.0-0.0],[12.0-37.0],[0.0-0.0],[0.0-0.0],[0.0-2.0],[408.0-676.0],[0.0-5.0],[25.0-35.0],[13.0-32.0],[0.0-0.0],[0.0-0.0],[292.0-579.0],[0.0-0.0],[2.0-26.0],[17.0-25.0],[7.0-14.0],[13.0-26.0],[0.0-0.0],[0.0-2.0],[0.0-0.0],[0.0-0.0],[0.0-0.0],[0.0-0.0],[0.0-0.0],[0.0-1.0],[0.0-0.0],[0.0-0.0],[0.0-0.0],[0.0-0.0],[0.0-0.0],[0.0-0.0],[0.0-0.0],[0.0-0.0],[1.0-4.0],[0.0-0.0],[3.0-9.0],[32.0-75.0],[0.0-0.0],[0.0-0.0],[24.0-35.0],[0.0-0.0],[0.0-1.0],cb,Group: 8
15-Nov,[51.0-76.0],[0.0-3.0],[46.0-58.0],[11446.0-12578.0],[3129.0-3704.0],[565.0-686.0],[133.0-170.0],[864.0-1126.0],[238.0-343.0],[876.0-946.0],[0.0-0.0],[3.0-27.0],[75.0-104.0],[641.0-737.0],[567.0-615.0],[110.0-154.0],[1086.0-1249.0],[0.0-199.0],[48.0-83.0],[105.0-164.0],[6.0-11.0],[70.0-91.0],[12.0-23.0],[0.0-0.0],[524.0-559.0],[0.0-0.0],[35.0-44.0],[2.0-11.0],[46.0-60.0],[0.0-0.0],[46.0-75.0],[16.0-52.0],[148.0-182.0],[140.0-156.0],[107.0-149.0],[4.0-11.0],[0.0-0.0],[0.0-4.0],[2.0-7.0],[0.0-0.0],[105.0-158.0],[20.0-31.0],[0.0-0.0],[1.0-7.0],[887.0-957.0],[19.0-45.0],[7.0-11.0],[22.0-47.0],[20.0-31.0],[0.0-0.0],[864.0-1126.0],[1.0-4.0],[55.0-56.0],[46.0-71.0],[19.0-26.0],[29.0-53.0],[11.0-16.0],[1.0-5.0],[5.0-9.0],[0.0-0.0],[0.0-0.0],[0.0-0.0],[0.0-1.0],[4.0-8.0],[2.0-7.0],[0.0-0.0],[0.0-1.0],[0.0-0.0],[0.0-0.0],[0.0-0.0],[0.0-5.0],[0.0-0.0],[26.0-41.0],[0.0-0.0],[46.0-58.0],[82.0-114.0],[0.0-4.0],[2.0-13.0],[28.0-39.0],[39.0-43.0],[14.0-24.0],cb,Group: 9
16-Jan,[51.0-76.0],[0.0-3.0],[46.0-58.0],[11446.0-12578.0],[3129.0-3704.0],[565.0-686.0],[133.0-170.0],[864.0-1126.0],[238.0-343.0],[876.0-946.0],[0.0-0.0],[3.0-27.0],[75.0-104.0],[641.0-737.0],[567.0-615.0],[110.0-154.0],[1086.0-1249.0],[0.0-199.0],[48.0-83.0],[105.0-164.0],[6.0-11.0],[70.0-91.0],[12.0-23.0],[0.0-0.0],[524.0-559.0],[0.0-0.0],[35.0-44.0],[2.0-11.0],[46.0-60.0],[0.0-0.0],[46.0-75.0],[16.0-52.0],[148.0-182.0],[140.0-156.0],[107.0-149.0],[4.0-11.0],[0.0-0.0],[0.0-4.0],[2.0-7.0],[0.0-0.0],[105.0-158.0],[20.0-31.0],[0.0-0.0],[1.0-7.0],[887.0-957.0],[19.0-45.0],[7.0-11.0],[22.0-47.0],[20.0-31.0],[0.0-0.0],[864.0-1126.0],[1.0-4.0],[55.0-56.0],[46.0-71.0],[19.0-26.0],[29.0-53.0],[11.0-16.0],[1.0-5.0],[5.0-9.0],[0.0-0.0],[0.0-0.0],[0.0-0.0],[0.0-1.0],[4.0-8.0],[2.0-7.0],[0.0-0.0],[0.0-1.0],[0.0-0.0],[0.0-0.0],[0.0-0.0],[0.0-5.0],[0.0-0.0],[26.0-41.0],[0.0-0.0],[46.0-58.0],[82.0-114.0],[0.0-4.0],[2.0-13.0],[28.0-39.0],[39.0-43.0],[14.0-24.0],cb,Group: 9
15-Dec,[51.0-76.0],[0.0-3.0],[46.0-58.0],[11446.0-12578.0],[3129.0-3704.0],[565.0-686.0],[133.0-170.0],[864.0-1126.0],[238.0-343.0],[876.0-946.0],[0.0-0.0],[3.0-27.0],[75.0-104.0],[641.0-737.0],[567.0-615.0],[110.0-154.0],[1086.0-1249.0],[0.0-199.0],[48.0-83.0],[105.0-164.0],[6.0-11.0],[70.0-91.0],[12.0-23.0],[0.0-0.0],[524.0-559.0],[0.0-0.0],[35.0-44.0],[2.0-11.0],[46.0-60.0],[0.0-0.0],[46.0-75.0],[16.0-52.0],[148.0-182.0],[140.0-156.0],[107.0-149.0],[4.0-11.0],[0.0-0.0],[0.0-4.0],[2.0-7.0],[0.0-0.0],[105.0-158.0],[20.0-31.0],[0.0-0.0],[1.0-7.0],[887.0-957.0],[19.0-45.0],[7.0-11.0],[22.0-47.0],[20.0-31.0],[0.0-0.0],[864.0-1126.0],[1.0-4.0],[55.0-56.0],[46.0-71.0],[19.0-26.0],[29.0-53.0],[11.0-16.0],[1.0-5.0],[5.0-9.0],[0.0-0.0],[0.0-0.0],[0.0-0.0],[0.0-1.0],[4.0-8.0],[2.0-7.0],[0.0-0.0],[0.0-1.0],[0.0-0.0],[0.0-0.0],[0.0-0.0],[0.0-5.0],[0.0-0.0],[26.0-41.0],[0.0-0.0],[46.0-58.0],[82.0-114.0],[0.0-4.0],[2.0-13.0],[28.0-39.0],[39.0-43.0],[14.0-24.0],cb,Group: 9
15-Oct,[51.0-76.0],[0.0-3.0],[46.0-58.0],[11446.0-12578.0],[3129.0-3704.0],[565.0-686.0],[133.0-170.0],[864.0-1126.0],[238.0-343.0],[876.0-946.0],[0.0-0.0],[3.0-27.0],[75.0-104.0],[641.0-737.0],[567.0-615.0],[110.0-154.0],[1086.0-1249.0],[0.0-199.0],[48.0-83.0],[105.0-164.0],[6.0-11.0],[70.0-91.0],[12.0-23.0],[0.0-0.0],[524.0-559.0],[0.0-0.0],[35.0-44.0],[2.0-11.0],[46.0-60.0],[0.0-0.0],[46.0-75.0],[16.0-52.0],[148.0-182.0],[140.0-156.0],[107.0-149.0],[4.0-11.0],[0.0-0.0],[0.0-4.0],[2.0-7.0],[0.0-0.0],[105.0-158.0],[20.0-31.0],[0.0-0.0],[1.0-7.0],[887.0-957.0],[19.0-45.0],[7.0-11.0],[22.0-47.0],[20.0-31.0],[0.0-0.0],[864.0-1126.0],[1.0-4.0],[55.0-56.0],[46.0-71.0],[19.0-26.0],[29.0-53.0],[11.0-16.0],[1.0-5.0],[5.0-9.0],[0.0-0.0],[0.0-0.0],[0.0-0.0],[0.0-1.0],[4.0-8.0],[2.0-7.0],[0.0-0.0],[0.0-1.0],[0.0-0.0],[0.0-0.0],[0.0-0.0],[0.0-5.0],[0.0-0.0],[26.0-41.0],[0.0-0.0],[46.0-58.0],[82.0-114.0],[0.0-4.0],[2.0-13.0],[28.0-39.0],[39.0-43.0],[14.0-24.0],cb,Group: 9
16-Jun,[41.0-73.0],[0.0-9.0],[20.0-77.0],[8886.0-13009.0],[2315.0-3884.0],[419.0-774.0],[115.0-155.0],[942.0-1535.0],[147.0-372.0],[409.0-1283.0],[0.0-0.0],[0.0-59.0],[65.0-118.0],[23.0-1005.0],[441.0-654.0],[0.0-244.0],[447.0-1413.0],[0.0-495.0],[1.0-134.0],[49.0-194.0],[0.0-28.0],[48.0-105.0],[15.0-20.0],[0.0-0.0],[458.0-644.0],[0.0-0.0],[0.0-40.0],[0.0-13.0],[0.0-60.0],[0.0-0.0],[4.0-66.0],[0.0-69.0],[98.0-219.0],[113.0-182.0],[111.0-163.0],[6.0-16.0],[0.0-0.0],[0.0-2.0],[2.0-5.0],[0.0-0.0],[66.0-169.0],[4.0-26.0],[0.0-1.0],[0.0-4.0],[862.0-1237.0],[13.0-29.0],[5.0-22.0],[25.0-57.0],[4.0-26.0],[0.0-0.0],[942.0-1535.0],[1.0-7.0],[30.0-70.0],[43.0-70.0],[15.0-25.0],[31.0-65.0],[0.0-13.0],[0.0-4.0],[2.0-13.0],[0.0-0.0],[0.0-0.0],[0.0-0.0],[0.0-0.0],[1.0-7.0],[0.0-5.0],[0.0-0.0],[0.0-0.0],[0.0-0.0],[0.0-0.0],[0.0-0.0],[0.0-9.0],[0.0-0.0],[24.0-44.0],[0.0-0.0],[20.0-77.0],[90.0-132.0],[0.0-4.0],[0.0-8.0],[28.0-45.0],[0.0-62.0],[4.0-29.0],cb,Group: 10
14-Jan,[41.0-73.0],[0.0-9.0],[20.0-77.0],[8886.0-13009.0],[2315.0-3884.0],[419.0-774.0],[115.0-155.0],[942.0-1535.0],[147.0-372.0],[409.0-1283.0],[0.0-0.0],[0.0-59.0],[65.0-118.0],[23.0-1005.0],[441.0-654.0],[0.0-244.0],[447.0-1413.0],[0.0-495.0],[1.0-134.0],[49.0-194.0],[0.0-28.0],[48.0-105.0],[15.0-20.0],[0.0-0.0],[458.0-644.0],[0.0-0.0],[0.0-40.0],[0.0-13.0],[0.0-60.0],[0.0-0.0],[4.0-66.0],[0.0-69.0],[98.0-219.0],[113.0-182.0],[111.0-163.0],[6.0-16.0],[0.0-0.0],[0.0-2.0],[2.0-5.0],[0.0-0.0],[66.0-169.0],[4.0-26.0],[0.0-1.0],[0.0-4.0],[862.0-1237.0],[13.0-29.0],[5.0-22.0],[25.0-57.0],[4.0-26.0],[0.0-0.0],[942.0-1535.0],[1.0-7.0],[30.0-70.0],[43.0-70.0],[15.0-25.0],[31.0-65.0],[0.0-13.0],[0.0-4.0],[2.0-13.0],[0.0-0.0],[0.0-0.0],[0.0-0.0],[0.0-0.0],[1.0-7.0],[0.0-5.0],[0.0-0.0],[0.0-0.0],[0.0-0.0],[0.0-0.0],[0.0-0.0],[0.0-9.0],[0.0-0.0],[24.0-44.0],[0.0-0.0],[20.0-77.0],[90.0-132.0],[0.0-4.0],[0.0-8.0],[28.0-45.0],[0.0-62.0],[4.0-29.0],cb,Group: 10
15-Sep,[41.0-73.0],[0.0-9.0],[20.0-77.0],[8886.0-13009.0],[2315.0-3884.0],[419.0-774.0],[115.0-155.0],[942.0-1535.0],[147.0-372.0],[409.0-1283.0],[0.0-0.0],[0.0-59.0],[65.0-118.0],[23.0-1005.0],[441.0-654.0],[0.0-244.0],[447.0-1413.0],[0.0-495.0],[1.0-134.0],[49.0-194.0],[0.0-28.0],[48.0-105.0],[15.0-20.0],[0.0-0.0],[458.0-644.0],[0.0-0.0],[0.0-40.0],[0.0-13.0],[0.0-60.0],[0.0-0.0],[4.0-66.0],[0.0-69.0],[98.0-219.0],[113.0-182.0],[111.0-163.0],[6.0-16.0],[0.0-0.0],[0.0-2.0],[2.0-5.0],[0.0-0.0],[66.0-169.0],[4.0-26.0],[0.0-1.0],[0.0-4.0],[862.0-1237.0],[13.0-29.0],[5.0-22.0],[25.0-57.0],[4.0-26.0],[0.0-0.0],[942.0-1535.0],[1.0-7.0],[30.0-70.0],[43.0-70.0],[15.0-25.0],[31.0-65.0],[0.0-13.0],[0.0-4.0],[2.0-13.0],[0.0-0.0],[0.0-0.0],[0.0-0.0],[0.0-0.0],[1.0-7.0],[0.0-5.0],[0.0-0.0],[0.0-0.0],[0.0-0.0],[0.0-0.0],[0.0-0.0],[0.0-9.0],[0.0-0.0],[24.0-44.0],[0.0-0.0],[20.0-77.0],[90.0-132.0],[0.0-4.0],[0.0-8.0],[28.0-45.0],[0.0-62.0],[4.0-29.0],cb,Group: 10
14-Dec,[41.0-73.0],[0.0-9.0],[20.0-77.0],[8886.0-13009.0],[2315.0-3884.0],[419.0-774.0],[115.0-155.0],[942.0-1535.0],[147.0-372.0],[409.0-1283.0],[0.0-0.0],[0.0-59.0],[65.0-118.0],[23.0-1005.0],[441.0-654.0],[0.0-244.0],[447.0-1413.0],[0.0-495.0],[1.0-134.0],[49.0-194.0],[0.0-28.0],[48.0-105.0],[15.0-20.0],[0.0-0.0],[458.0-644.0],[0.0-0.0],[0.0-40.0],[0.0-13.0],[0.0-60.0],[0.0-0.0],[4.0-66.0],[0.0-69.0],[98.0-219.0],[113.0-182.0],[111.0-163.0],[6.0-16.0],[0.0-0.0],[0.0-2.0],[2.0-5.0],[0.0-0.0],[66.0-169.0],[4.0-26.0],[0.0-1.0],[0.0-4.0],[862.0-1237.0],[13.0-29.0],[5.0-22.0],[25.0-57.0],[4.0-26.0],[0.0-0.0],[942.0-1535.0],[1.0-7.0],[30.0-70.0],[43.0-70.0],[15.0-25.0],[31.0-65.0],[0.0-13.0],[0.0-4.0],[2.0-13.0],[0.0-0.0],[0.0-0.0],[0.0-0.0],[0.0-0.0],[1.0-7.0],[0.0-5.0],[0.0-0.0],[0.0-0.0],[0.0-0.0],[0.0-0.0],[0.0-0.0],[0.0-9.0],[0.0-0.0],[24.0-44.0],[0.0-0.0],[20.0-77.0],[90.0-132.0],[0.0-4.0],[0.0-8.0],[28.0-45.0],[0.0-62.0],[4.0-29.0],cb,Group: 10
15-Apr,[41.0-73.0],[0.0-9.0],[20.0-77.0],[8886.0-13009.0],[2315.0-3884.0],[419.0-774.0],[115.0-155.0],[942.0-1535.0],[147.0-372.0],[409.0-1283.0],[0.0-0.0],[0.0-59.0],[65.0-118.0],[23.0-1005.0],[441.0-654.0],[0.0-244.0],[447.0-1413.0],[0.0-495.0],[1.0-134.0],[49.0-194.0],[0.0-28.0],[48.0-105.0],[15.0-20.0],[0.0-0.0],[458.0-644.0],[0.0-0.0],[0.0-40.0],[0.0-13.0],[0.0-60.0],[0.0-0.0],[4.0-66.0],[0.0-69.0],[98.0-219.0],[113.0-182.0],[111.0-163.0],[6.0-16.0],[0.0-0.0],[0.0-2.0],[2.0-5.0],[0.0-0.0],[66.0-169.0],[4.0-26.0],[0.0-1.0],[0.0-4.0],[862.0-1237.0],[13.0-29.0],[5.0-22.0],[25.0-57.0],[4.0-26.0],[0.0-0.0],[942.0-1535.0],[1.0-7.0],[30.0-70.0],[43.0-70.0],[15.0-25.0],[31.0-65.0],[0.0-13.0],[0.0-4.0],[2.0-13.0],[0.0-0.0],[0.0-0.0],[0.0-0.0],[0.0-0.0],[1.0-7.0],[0.0-5.0],[0.0-0.0],[0.0-0.0],[0.0-0.0],[0.0-0.0],[0.0-0.0],[0.0-9.0],[0.0-0.0],[24.0-44.0],[0.0-0.0],[20.0-77.0],[90.0-132.0],[0.0-4.0],[0.0-8.0],[28.0-45.0],[0.0-62.0],[4.0-29.0],cb,Group: 10
13-Aug,[24.0-46.0],[0.0-0.0],[8.0-18.0],[6408.0-9170.0],[1348.0-2490.0],[281.0-470.0],[107.0-153.0],[848.0-997.0],[101.0-129.0],[120.0-481.0],[0.0-0.0],[0.0-0.0],[50.0-65.0],[0.0-139.0],[265.0-481.0],[0.0-1.0],[306.0-497.0],[0.0-0.0],[0.0-5.0],[31.0-45.0],[0.0-1.0],[40.0-56.0],[0.0-13.0],[0.0-0.0],[397.0-552.0],[0.0-0.0],[0.0-10.0],[0.0-0.0],[0.0-2.0],[0.0-0.0],[0.0-18.0],[0.0-4.0],[0.0-91.0],[81.0-115.0],[50.0-111.0],[0.0-3.0],[0.0-0.0],[0.0-2.0],[1.0-5.0],[0.0-0.0],[53.0-102.0],[0.0-5.0],[0.0-1.0],[0.0-1.0],[699.0-993.0],[13.0-25.0],[10.0-31.0],[17.0-31.0],[0.0-5.0],[0.0-0.0],[848.0-997.0],[0.0-1.0],[26.0-51.0],[33.0-42.0],[10.0-23.0],[30.0-47.0],[0.0-0.0],[0.0-3.0],[0.0-3.0],[0.0-0.0],[0.0-0.0],[0.0-0.0],[0.0-0.0],[0.0-1.0],[0.0-3.0],[0.0-0.0],[0.0-1.0],[0.0-0.0],[0.0-0.0],[0.0-0.0],[0.0-1.0],[0.0-1.0],[7.0-14.0],[0.0-0.0],[8.0-18.0],[80.0-105.0],[0.0-0.0],[0.0-0.0],[23.0-34.0],[0.0-3.0],[5.0-12.0],cb,Group: 11
14-Aug,[24.0-46.0],[0.0-0.0],[8.0-18.0],[6408.0-9170.0],[1348.0-2490.0],[281.0-470.0],[107.0-153.0],[848.0-997.0],[101.0-129.0],[120.0-481.0],[0.0-0.0],[0.0-0.0],[50.0-65.0],[0.0-139.0],[265.0-481.0],[0.0-1.0],[306.0-497.0],[0.0-0.0],[0.0-5.0],[31.0-45.0],[0.0-1.0],[40.0-56.0],[0.0-13.0],[0.0-0.0],[397.0-552.0],[0.0-0.0],[0.0-10.0],[0.0-0.0],[0.0-2.0],[0.0-0.0],[0.0-18.0],[0.0-4.0],[0.0-91.0],[81.0-115.0],[50.0-111.0],[0.0-3.0],[0.0-0.0],[0.0-2.0],[1.0-5.0],[0.0-0.0],[53.0-102.0],[0.0-5.0],[0.0-1.0],[0.0-1.0],[699.0-993.0],[13.0-25.0],[10.0-31.0],[17.0-31.0],[0.0-5.0],[0.0-0.0],[848.0-997.0],[0.0-1.0],[26.0-51.0],[33.0-42.0],[10.0-23.0],[30.0-47.0],[0.0-0.0],[0.0-3.0],[0.0-3.0],[0.0-0.0],[0.0-0.0],[0.0-0.0],[0.0-0.0],[0.0-1.0],[0.0-3.0],[0.0-0.0],[0.0-1.0],[0.0-0.0],[0.0-0.0],[0.0-0.0],[0.0-1.0],[0.0-1.0],[7.0-14.0],[0.0-0.0],[8.0-18.0],[80.0-105.0],[0.0-0.0],[0.0-0.0],[23.0-34.0],[0.0-3.0],[5.0-12.0],cb,Group: 11
12-Nov,[24.0-46.0],[0.0-0.0],[8.0-18.0],[6408.0-9170.0],[1348.0-2490.0],[281.0-470.0],[107.0-153.0],[848.0-997.0],[101.0-129.0],[120.0-481.0],[0.0-0.0],[0.0-0.0],[50.0-65.0],[0.0-139.0],[265.0-481.0],[0.0-1.0],[306.0-497.0],[0.0-0.0],[0.0-5.0],[31.0-45.0],[0.0-1.0],[40.0-56.0],[0.0-13.0],[0.0-0.0],[397.0-552.0],[0.0-0.0],[0.0-10.0],[0.0-0.0],[0.0-2.0],[0.0-0.0],[0.0-18.0],[0.0-4.0],[0.0-91.0],[81.0-115.0],[50.0-111.0],[0.0-3.0],[0.0-0.0],[0.0-2.0],[1.0-5.0],[0.0-0.0],[53.0-102.0],[0.0-5.0],[0.0-1.0],[0.0-1.0],[699.0-993.0],[13.0-25.0],[10.0-31.0],[17.0-31.0],[0.0-5.0],[0.0-0.0],[848.0-997.0],[0.0-1.0],[26.0-51.0],[33.0-42.0],[10.0-23.0],[30.0-47.0],[0.0-0.0],[0.0-3.0],[0.0-3.0],[0.0-0.0],[0.0-0.0],[0.0-0.0],[0.0-0.0],[0.0-1.0],[0.0-3.0],[0.0-0.0],[0.0-1.0],[0.0-0.0],[0.0-0.0],[0.0-0.0],[0.0-1.0],[0.0-1.0],[7.0-14.0],[0.0-0.0],[8.0-18.0],[80.0-105.0],[0.0-0.0],[0.0-0.0],[23.0-34.0],[0.0-3.0],[5.0-12.0],cb,Group: 11
13-Sep,[24.0-46.0],[0.0-0.0],[8.0-18.0],[6408.0-9170.0],[1348.0-2490.0],[281.0-470.0],[107.0-153.0],[848.0-997.0],[101.0-129.0],[120.0-481.0],[0.0-0.0],[0.0-0.0],[50.0-65.0],[0.0-139.0],[265.0-481.0],[0.0-1.0],[306.0-497.0],[0.0-0.0],[0.0-5.0],[31.0-45.0],[0.0-1.0],[40.0-56.0],[0.0-13.0],[0.0-0.0],[397.0-552.0],[0.0-0.0],[0.0-10.0],[0.0-0.0],[0.0-2.0],[0.0-0.0],[0.0-18.0],[0.0-4.0],[0.0-91.0],[81.0-115.0],[50.0-111.0],[0.0-3.0],[0.0-0.0],[0.0-2.0],[1.0-5.0],[0.0-0.0],[53.0-102.0],[0.0-5.0],[0.0-1.0],[0.0-1.0],[699.0-993.0],[13.0-25.0],[10.0-31.0],[17.0-31.0],[0.0-5.0],[0.0-0.0],[848.0-997.0],[0.0-1.0],[26.0-51.0],[33.0-42.0],[10.0-23.0],[30.0-47.0],[0.0-0.0],[0.0-3.0],[0.0-3.0],[0.0-0.0],[0.0-0.0],[0.0-0.0],[0.0-0.0],[0.0-1.0],[0.0-3.0],[0.0-0.0],[0.0-1.0],[0.0-0.0],[0.0-0.0],[0.0-0.0],[0.0-1.0],[0.0-1.0],[7.0-14.0],[0.0-0.0],[8.0-18.0],[80.0-105.0],[0.0-0.0],[0.0-0.0],[23.0-34.0],[0.0-3.0],[5.0-12.0],cb,Group: 11
13-Jul,[24.0-46.0],[0.0-0.0],[8.0-18.0],[6408.0-9170.0],[1348.0-2490.0],[281.0-470.0],[107.0-153.0],[848.0-997.0],[101.0-129.0],[120.0-481.0],[0.0-0.0],[0.0-0.0],[50.0-65.0],[0.0-139.0],[265.0-481.0],[0.0-1.0],[306.0-497.0],[0.0-0.0],[0.0-5.0],[31.0-45.0],[0.0-1.0],[40.0-56.0],[0.0-13.0],[0.0-0.0],[397.0-552.0],[0.0-0.0],[0.0-10.0],[0.0-0.0],[0.0-2.0],[0.0-0.0],[0.0-18.0],[0.0-4.0],[0.0-91.0],[81.0-115.0],[50.0-111.0],[0.0-3.0],[0.0-0.0],[0.0-2.0],[1.0-5.0],[0.0-0.0],[53.0-102.0],[0.0-5.0],[0.0-1.0],[0.0-1.0],[699.0-993.0],[13.0-25.0],[10.0-31.0],[17.0-31.0],[0.0-5.0],[0.0-0.0],[848.0-997.0],[0.0-1.0],[26.0-51.0],[33.0-42.0],[10.0-23.0],[30.0-47.0],[0.0-0.0],[0.0-3.0],[0.0-3.0],[0.0-0.0],[0.0-0.0],[0.0-0.0],[0.0-0.0],[0.0-1.0],[0.0-3.0],[0.0-0.0],[0.0-1.0],[0.0-0.0],[0.0-0.0],[0.0-0.0],[0.0-1.0],[0.0-1.0],[7.0-14.0],[0.0-0.0],[8.0-18.0],[80.0-105.0],[0.0-0.0],[0.0-0.0],[23.0-34.0],[0.0-3.0],[5.0-12.0],cb,Group: 11
14-Nov,[28.0-68.0],[0.0-0.0],[15.0-42.0],[9539.0-11296.0],[2108.0-3509.0],[453.0-559.0],[97.0-149.0],[1019.0-1245.0],[131.0-215.0],[358.0-756.0],[0.0-0.0],[0.0-7.0],[46.0-100.0],[12.0-636.0],[488.0-621.0],[0.0-103.0],[521.0-848.0],[0.0-0.0],[1.0-43.0],[42.0-96.0],[0.0-4.0],[48.0-86.0],[0.0-18.0],[0.0-0.0],[423.0-554.0],[0.0-0.0],[0.0-25.0],[0.0-4.0],[0.0-54.0],[0.0-0.0],[2.0-67.0],[1.0-20.0],[2.0-156.0],[94.0-121.0],[88.0-152.0],[3.0-14.0],[0.0-0.0],[0.0-2.0],[3.0-11.0],[0.0-0.0],[81.0-127.0],[3.0-8.0],[0.0-0.0],[0.0-2.0],[896.0-1103.0],[18.0-29.0],[12.0-30.0],[25.0-70.0],[3.0-8.0],[0.0-0.0],[1019.0-1245.0],[0.0-3.0],[26.0-67.0],[35.0-58.0],[15.0-29.0],[22.0-51.0],[0.0-6.0],[2.0-9.0],[2.0-16.0],[0.0-0.0],[0.0-0.0],[0.0-0.0],[0.0-0.0],[0.0-9.0],[0.0-8.0],[0.0-0.0],[0.0-1.0],[0.0-0.0],[0.0-0.0],[0.0-0.0],[0.0-0.0],[0.0-1.0],[17.0-26.0],[0.0-0.0],[15.0-42.0],[81.0-124.0],[0.0-6.0],[0.0-10.0],[17.0-47.0],[0.0-45.0],[6.0-17.0],cb,Group: 12
13-Oct,[28.0-68.0],[0.0-0.0],[15.0-42.0],[9539.0-11296.0],[2108.0-3509.0],[453.0-559.0],[97.0-149.0],[1019.0-1245.0],[131.0-215.0],[358.0-756.0],[0.0-0.0],[0.0-7.0],[46.0-100.0],[12.0-636.0],[488.0-621.0],[0.0-103.0],[521.0-848.0],[0.0-0.0],[1.0-43.0],[42.0-96.0],[0.0-4.0],[48.0-86.0],[0.0-18.0],[0.0-0.0],[423.0-554.0],[0.0-0.0],[0.0-25.0],[0.0-4.0],[0.0-54.0],[0.0-0.0],[2.0-67.0],[1.0-20.0],[2.0-156.0],[94.0-121.0],[88.0-152.0],[3.0-14.0],[0.0-0.0],[0.0-2.0],[3.0-11.0],[0.0-0.0],[81.0-127.0],[3.0-8.0],[0.0-0.0],[0.0-2.0],[896.0-1103.0],[18.0-29.0],[12.0-30.0],[25.0-70.0],[3.0-8.0],[0.0-0.0],[1019.0-1245.0],[0.0-3.0],[26.0-67.0],[35.0-58.0],[15.0-29.0],[22.0-51.0],[0.0-6.0],[2.0-9.0],[2.0-16.0],[0.0-0.0],[0.0-0.0],[0.0-0.0],[0.0-0.0],[0.0-9.0],[0.0-8.0],[0.0-0.0],[0.0-1.0],[0.0-0.0],[0.0-0.0],[0.0-0.0],[0.0-0.0],[0.0-1.0],[17.0-26.0],[0.0-0.0],[15.0-42.0],[81.0-124.0],[0.0-6.0],[0.0-10.0],[17.0-47.0],[0.0-45.0],[6.0-17.0],cb,Group: 12
14-Jul,[28.0-68.0],[0.0-0.0],[15.0-42.0],[9539.0-11296.0],[2108.0-3509.0],[453.0-559.0],[97.0-149.0],[1019.0-1245.0],[131.0-215.0],[358.0-756.0],[0.0-0.0],[0.0-7.0],[46.0-100.0],[12.0-636.0],[488.0-621.0],[0.0-103.0],[521.0-848.0],[0.0-0.0],[1.0-43.0],[42.0-96.0],[0.0-4.0],[48.0-86.0],[0.0-18.0],[0.0-0.0],[423.0-554.0],[0.0-0.0],[0.0-25.0],[0.0-4.0],[0.0-54.0],[0.0-0.0],[2.0-67.0],[1.0-20.0],[2.0-156.0],[94.0-121.0],[88.0-152.0],[3.0-14.0],[0.0-0.0],[0.0-2.0],[3.0-11.0],[0.0-0.0],[81.0-127.0],[3.0-8.0],[0.0-0.0],[0.0-2.0],[896.0-1103.0],[18.0-29.0],[12.0-30.0],[25.0-70.0],[3.0-8.0],[0.0-0.0],[1019.0-1245.0],[0.0-3.0],[26.0-67.0],[35.0-58.0],[15.0-29.0],[22.0-51.0],[0.0-6.0],[2.0-9.0],[2.0-16.0],[0.0-0.0],[0.0-0.0],[0.0-0.0],[0.0-0.0],[0.0-9.0],[0.0-8.0],[0.0-0.0],[0.0-1.0],[0.0-0.0],[0.0-0.0],[0.0-0.0],[0.0-0.0],[0.0-1.0],[17.0-26.0],[0.0-0.0],[15.0-42.0],[81.0-124.0],[0.0-6.0],[0.0-10.0],[17.0-47.0],[0.0-45.0],[6.0-17.0],cb,Group: 12
15-Jan,[28.0-68.0],[0.0-0.0],[15.0-42.0],[9539.0-11296.0],[2108.0-3509.0],[453.0-559.0],[97.0-149.0],[1019.0-1245.0],[131.0-215.0],[358.0-756.0],[0.0-0.0],[0.0-7.0],[46.0-100.0],[12.0-636.0],[488.0-621.0],[0.0-103.0],[521.0-848.0],[0.0-0.0],[1.0-43.0],[42.0-96.0],[0.0-4.0],[48.0-86.0],[0.0-18.0],[0.0-0.0],[423.0-554.0],[0.0-0.0],[0.0-25.0],[0.0-4.0],[0.0-54.0],[0.0-0.0],[2.0-67.0],[1.0-20.0],[2.0-156.0],[94.0-121.0],[88.0-152.0],[3.0-14.0],[0.0-0.0],[0.0-2.0],[3.0-11.0],[0.0-0.0],[81.0-127.0],[3.0-8.0],[0.0-0.0],[0.0-2.0],[896.0-1103.0],[18.0-29.0],[12.0-30.0],[25.0-70.0],[3.0-8.0],[0.0-0.0],[1019.0-1245.0],[0.0-3.0],[26.0-67.0],[35.0-58.0],[15.0-29.0],[22.0-51.0],[0.0-6.0],[2.0-9.0],[2.0-16.0],[0.0-0.0],[0.0-0.0],[0.0-0.0],[0.0-0.0],[0.0-9.0],[0.0-8.0],[0.0-0.0],[0.0-1.0],[0.0-0.0],[0.0-0.0],[0.0-0.0],[0.0-0.0],[0.0-1.0],[17.0-26.0],[0.0-0.0],[15.0-42.0],[81.0-124.0],[0.0-6.0],[0.0-10.0],[17.0-47.0],[0.0-45.0],[6.0-17.0],cb,Group: 12
15-Aug,[28.0-68.0],[0.0-0.0],[15.0-42.0],[9539.0-11296.0],[2108.0-3509.0],[453.0-559.0],[97.0-149.0],[1019.0-1245.0],[131.0-215.0],[358.0-756.0],[0.0-0.0],[0.0-7.0],[46.0-100.0],[12.0-636.0],[488.0-621.0],[0.0-103.0],[521.0-848.0],[0.0-0.0],[1.0-43.0],[42.0-96.0],[0.0-4.0],[48.0-86.0],[0.0-18.0],[0.0-0.0],[423.0-554.0],[0.0-0.0],[0.0-25.0],[0.0-4.0],[0.0-54.0],[0.0-0.0],[2.0-67.0],[1.0-20.0],[2.0-156.0],[94.0-121.0],[88.0-152.0],[3.0-14.0],[0.0-0.0],[0.0-2.0],[3.0-11.0],[0.0-0.0],[81.0-127.0],[3.0-8.0],[0.0-0.0],[0.0-2.0],[896.0-1103.0],[18.0-29.0],[12.0-30.0],[25.0-70.0],[3.0-8.0],[0.0-0.0],[1019.0-1245.0],[0.0-3.0],[26.0-67.0],[35.0-58.0],[15.0-29.0],[22.0-51.0],[0.0-6.0],[2.0-9.0],[2.0-16.0],[0.0-0.0],[0.0-0.0],[0.0-0.0],[0.0-0.0],[0.0-9.0],[0.0-8.0],[0.0-0.0],[0.0-1.0],[0.0-0.0],[0.0-0.0],[0.0-0.0],[0.0-0.0],[0.0-1.0],[17.0-26.0],[0.0-0.0],[15.0-42.0],[81.0-124.0],[0.0-6.0],[0.0-10.0],[17.0-47.0],[0.0-45.0],[6.0-17.0],cb,Group: 12
18-Aug,[54.0-83.0],[32.0-63.0],[15.0-76.0],[16307.0-19207.0],[4141.0-4474.0],[978.0-1077.0],[135.0-215.0],[362.0-577.0],[538.0-667.0],[2190.0-3298.0],[64.0-260.0],[446.0-786.0],[30.0-207.0],[806.0-994.0],[207.0-362.0],[0.0-0.0],[3189.0-5748.0],[1018.0-1303.0],[283.0-343.0],[163.0-272.0],[70.0-107.0],[116.0-156.0],[0.0-31.0],[0.0-25.0],[492.0-556.0],[14.0-27.0],[58.0-104.0],[39.0-73.0],[63.0-107.0],[0.0-2.0],[7.0-15.0],[93.0-139.0],[238.0-324.0],[241.0-330.0],[142.0-180.0],[30.0-46.0],[1.0-14.0],[0.0-5.0],[0.0-1.0],[0.0-0.0],[127.0-156.0],[59.0-104.0],[0.0-2.0],[1.0-5.0],[397.0-657.0],[30.0-51.0],[5.0-10.0],[8.0-19.0],[59.0-104.0],[0.0-12.0],[362.0-575.0],[1.0-4.0],[74.0-102.0],[55.0-75.0],[26.0-36.0],[34.0-59.0],[32.0-42.0],[1.0-6.0],[11.0-25.0],[nan-nan],[0.0-1.0],[4.0-25.0],[1.0-6.0],[2.0-7.0],[6.0-8.0],[0.0-0.0],[0.0-0.0],[5.0-65.0],[0.0-0.0],[1.0-6.0],[6.0-9.0],[0.0-0.0],[29.0-53.0],[0.0-0.0],[15.0-38.0],[132.0-164.0],[0.0-0.0],[0.0-4.0],[26.0-52.0],[13.0-31.0],[16.0-41.0],aa,Group: 13
18-Jul,[54.0-83.0],[32.0-63.0],[15.0-76.0],[16307.0-19207.0],[4141.0-4474.0],[978.0-1077.0],[135.0-215.0],[362.0-577.0],[538.0-667.0],[2190.0-3298.0],[64.0-260.0],[446.0-786.0],[30.0-207.0],[806.0-994.0],[207.0-362.0],[0.0-0.0],[3189.0-5748.0],[1018.0-1303.0],[283.0-343.0],[163.0-272.0],[70.0-107.0],[116.0-156.0],[0.0-31.0],[0.0-25.0],[492.0-556.0],[14.0-27.0],[58.0-104.0],[39.0-73.0],[63.0-107.0],[0.0-2.0],[7.0-15.0],[93.0-139.0],[238.0-324.0],[241.0-330.0],[142.0-180.0],[30.0-46.0],[1.0-14.0],[0.0-5.0],[0.0-1.0],[0.0-0.0],[127.0-156.0],[59.0-104.0],[0.0-2.0],[1.0-5.0],[397.0-657.0],[30.0-51.0],[5.0-10.0],[8.0-19.0],[59.0-104.0],[0.0-12.0],[362.0-575.0],[1.0-4.0],[74.0-102.0],[55.0-75.0],[26.0-36.0],[34.0-59.0],[32.0-42.0],[1.0-6.0],[11.0-25.0],[nan-nan],[0.0-1.0],[4.0-25.0],[1.0-6.0],[2.0-7.0],[6.0-8.0],[0.0-0.0],[0.0-0.0],[5.0-65.0],[0.0-0.0],[1.0-6.0],[6.0-9.0],[0.0-0.0],[29.0-53.0],[0.0-0.0],[15.0-38.0],[132.0-164.0],[0.0-0.0],[0.0-4.0],[26.0-52.0],[13.0-31.0],[16.0-41.0],aa,Group: 13
19-Sep,[54.0-83.0],[32.0-63.0],[15.0-76.0],[16307.0-19207.0],[4141.0-4474.0],[978.0-1077.0],[135.0-215.0],[362.0-577.0],[538.0-667.0],[2190.0-3298.0],[64.0-260.0],[446.0-786.0],[30.0-207.0],[806.0-994.0],[207.0-362.0],[0.0-0.0],[3189.0-5748.0],[1018.0-1303.0],[283.0-343.0],[163.0-272.0],[70.0-107.0],[116.0-156.0],[0.0-31.0],[0.0-25.0],[492.0-556.0],[14.0-27.0],[58.0-104.0],[39.0-73.0],[63.0-107.0],[0.0-2.0],[7.0-15.0],[93.0-139.0],[238.0-324.0],[241.0-330.0],[142.0-180.0],[30.0-46.0],[1.0-14.0],[0.0-5.0],[0.0-1.0],[0.0-0.0],[127.0-156.0],[59.0-104.0],[0.0-2.0],[1.0-5.0],[397.0-657.0],[30.0-51.0],[5.0-10.0],[8.0-19.0],[59.0-104.0],[0.0-12.0],[362.0-575.0],[1.0-4.0],[74.0-102.0],[55.0-75.0],[26.0-36.0],[34.0-59.0],[32.0-42.0],[1.0-6.0],[11.0-25.0],[nan-nan],[0.0-1.0],[4.0-25.0],[1.0-6.0],[2.0-7.0],[6.0-8.0],[0.0-0.0],[0.0-0.0],[5.0-65.0],[0.0-0.0],[1.0-6.0],[6.0-9.0],[0.0-0.0],[29.0-53.0],[0.0-0.0],[15.0-38.0],[132.0-164.0],[0.0-0.0],[0.0-4.0],[26.0-52.0],[13.0-31.0],[16.0-41.0],aa,Group: 13
19-Feb,[54.0-83.0],[32.0-63.0],[15.0-76.0],[16307.0-19207.0],[4141.0-4474.0],[978.0-1077.0],[135.0-215.0],[362.0-577.0],[538.0-667.0],[2190.0-3298.0],[64.0-260.0],[446.0-786.0],[30.0-207.0],[806.0-994.0],[207.0-362.0],[0.0-0.0],[3189.0-5748.0],[1018.0-1303.0],[283.0-343.0],[163.0-272.0],[70.0-107.0],[116.0-156.0],[0.0-31.0],[0.0-25.0],[492.0-556.0],[14.0-27.0],[58.0-104.0],[39.0-73.0],[63.0-107.0],[0.0-2.0],[7.0-15.0],[93.0-139.0],[238.0-324.0],[241.0-330.0],[142.0-180.0],[30.0-46.0],[1.0-14.0],[0.0-5.0],[0.0-1.0],[0.0-0.0],[127.0-156.0],[59.0-104.0],[0.0-2.0],[1.0-5.0],[397.0-657.0],[30.0-51.0],[5.0-10.0],[8.0-19.0],[59.0-104.0],[0.0-12.0],[362.0-575.0],[1.0-4.0],[74.0-102.0],[55.0-75.0],[26.0-36.0],[34.0-59.0],[32.0-42.0],[1.0-6.0],[11.0-25.0],[nan-nan],[0.0-1.0],[4.0-25.0],[1.0-6.0],[2.0-7.0],[6.0-8.0],[0.0-0.0],[0.0-0.0],[5.0-65.0],[0.0-0.0],[1.0-6.0],[6.0-9.0],[0.0-0.0],[29.0-53.0],[0.0-0.0],[15.0-38.0],[132.0-164.0],[0.0-0.0],[0.0-4.0],[26.0-52.0],[13.0-31.0],[16.0-41.0],aa,Group: 13
18-Jan,[54.0-83.0],[32.0-63.0],[15.0-76.0],[16307.0-19207.0],[4141.0-4474.0],[978.0-1077.0],[135.0-215.0],[362.0-577.0],[538.0-667.0],[2190.0-3298.0],[64.0-260.0],[446.0-786.0],[30.0-207.0],[806.0-994.0],[207.0-362.0],[0.0-0.0],[3189.0-5748.0],[1018.0-1303.0],[283.0-343.0],[163.0-272.0],[70.0-107.0],[116.0-156.0],[0.0-31.0],[0.0-25.0],[492.0-556.0],[14.0-27.0],[58.0-104.0],[39.0-73.0],[63.0-107.0],[0.0-2.0],[7.0-15.0],[93.0-139.0],[238.0-324.0],[241.0-330.0],[142.0-180.0],[30.0-46.0],[1.0-14.0],[0.0-5.0],[0.0-1.0],[0.0-0.0],[127.0-156.0],[59.0-104.0],[0.0-2.0],[1.0-5.0],[397.0-657.0],[30.0-51.0],[5.0-10.0],[8.0-19.0],[59.0-104.0],[0.0-12.0],[362.0-575.0],[1.0-4.0],[74.0-102.0],[55.0-75.0],[26.0-36.0],[34.0-59.0],[32.0-42.0],[1.0-6.0],[11.0-25.0],[nan-nan],[0.0-1.0],[4.0-25.0],[1.0-6.0],[2.0-7.0],[6.0-8.0],[0.0-0.0],[0.0-0.0],[5.0-65.0],[0.0-0.0],[1.0-6.0],[6.0-9.0],[0.0-0.0],[29.0-53.0],[0.0-0.0],[15.0-38.0],[132.0-164.0],[0.0-0.0],[0.0-4.0],[26.0-52.0],[13.0-31.0],[16.0-41.0],aa,Group: 13
11-May,[3.0-22.0],[0.0-0.0],[0.0-8.0],[2214.0-3688.0],[178.0-454.0],[36.0-95.0],[13.0-36.0],[140.0-313.0],[22.0-45.0],[0.0-1.0],[0.0-0.0],[0.0-0.0],[18.0-46.0],[0.0-0.0],[34.0-91.0],[0.0-0.0],[25.0-74.0],[0.0-0.0],[0.0-1.0],[4.0-30.0],[0.0-0.0],[5.0-13.0],[0.0-0.0],[0.0-0.0],[37.0-176.0],[0.0-0.0],[0.0-0.0],[0.0-0.0],[0.0-0.0],[0.0-0.0],[0.0-0.0],[0.0-0.0],[0.0-1.0],[13.0-27.0],[3.0-19.0],[0.0-2.0],[0.0-0.0],[0.0-2.0],[0.0-1.0],[0.0-0.0],[5.0-39.0],[0.0-0.0],[0.0-1.0],[0.0-1.0],[311.0-481.0],[0.0-8.0],[17.0-45.0],[1.0-15.0],[0.0-0.0],[0.0-0.0],[140.0-313.0],[0.0-0.0],[2.0-10.0],[3.0-16.0],[0.0-13.0],[8.0-21.0],[0.0-0.0],[0.0-3.0],[0.0-0.0],[0.0-0.0],[0.0-0.0],[0.0-0.0],[0.0-0.0],[0.0-1.0],[0.0-0.0],[0.0-0.0],[0.0-0.0],[0.0-0.0],[0.0-0.0],[0.0-0.0],[0.0-0.0],[0.0-0.0],[0.0-4.0],[0.0-0.0],[0.0-8.0],[24.0-71.0],[0.0-0.0],[0.0-0.0],[7.0-31.0],[0.0-0.0],[0.0-0.0],ba,Group: 14
11-Jul,[3.0-22.0],[0.0-0.0],[0.0-8.0],[2214.0-3688.0],[178.0-454.0],[36.0-95.0],[13.0-36.0],[140.0-313.0],[22.0-45.0],[0.0-1.0],[0.0-0.0],[0.0-0.0],[18.0-46.0],[0.0-0.0],[34.0-91.0],[0.0-0.0],[25.0-74.0],[0.0-0.0],[0.0-1.0],[4.0-30.0],[0.0-0.0],[5.0-13.0],[0.0-0.0],[0.0-0.0],[37.0-176.0],[0.0-0.0],[0.0-0.0],[0.0-0.0],[0.0-0.0],[0.0-0.0],[0.0-0.0],[0.0-0.0],[0.0-1.0],[13.0-27.0],[3.0-19.0],[0.0-2.0],[0.0-0.0],[0.0-2.0],[0.0-1.0],[0.0-0.0],[5.0-39.0],[0.0-0.0],[0.0-1.0],[0.0-1.0],[311.0-481.0],[0.0-8.0],[17.0-45.0],[1.0-15.0],[0.0-0.0],[0.0-0.0],[140.0-313.0],[0.0-0.0],[2.0-10.0],[3.0-16.0],[0.0-13.0],[8.0-21.0],[0.0-0.0],[0.0-3.0],[0.0-0.0],[0.0-0.0],[0.0-0.0],[0.0-0.0],[0.0-0.0],[0.0-1.0],[0.0-0.0],[0.0-0.0],[0.0-0.0],[0.0-0.0],[0.0-0.0],[0.0-0.0],[0.0-0.0],[0.0-0.0],[0.0-4.0],[0.0-0.0],[0.0-8.0],[24.0-71.0],[0.0-0.0],[0.0-0.0],[7.0-31.0],[0.0-0.0],[0.0-0.0],ba,Group: 14
11-Jun,[3.0-22.0],[0.0-0.0],[0.0-8.0],[2214.0-3688.0],[178.0-454.0],[36.0-95.0],[13.0-36.0],[140.0-313.0],[22.0-45.0],[0.0-1.0],[0.0-0.0],[0.0-0.0],[18.0-46.0],[0.0-0.0],[34.0-91.0],[0.0-0.0],[25.0-74.0],[0.0-0.0],[0.0-1.0],[4.0-30.0],[0.0-0.0],[5.0-13.0],[0.0-0.0],[0.0-0.0],[37.0-176.0],[0.0-0.0],[0.0-0.0],[0.0-0.0],[0.0-0.0],[0.0-0.0],[0.0-0.0],[0.0-0.0],[0.0-1.0],[13.0-27.0],[3.0-19.0],[0.0-2.0],[0.0-0.0],[0.0-2.0],[0.0-1.0],[0.0-0.0],[5.0-39.0],[0.0-0.0],[0.0-1.0],[0.0-1.0],[311.0-481.0],[0.0-8.0],[17.0-45.0],[1.0-15.0],[0.0-0.0],[0.0-0.0],[140.0-313.0],[0.0-0.0],[2.0-10.0],[3.0-16.0],[0.0-13.0],[8.0-21.0],[0.0-0.0],[0.0-3.0],[0.0-0.0],[0.0-0.0],[0.0-0.0],[0.0-0.0],[0.0-0.0],[0.0-1.0],[0.0-0.0],[0.0-0.0],[0.0-0.0],[0.0-0.0],[0.0-0.0],[0.0-0.0],[0.0-0.0],[0.0-0.0],[0.0-4.0],[0.0-0.0],[0.0-8.0],[24.0-71.0],[0.0-0.0],[0.0-0.0],[7.0-31.0],[0.0-0.0],[0.0-0.0],ba,Group: 14
10-Jun,[3.0-22.0],[0.0-0.0],[0.0-8.0],[2214.0-3688.0],[178.0-454.0],[36.0-95.0],[13.0-36.0],[140.0-313.0],[22.0-45.0],[0.0-1.0],[0.0-0.0],[0.0-0.0],[18.0-46.0],[0.0-0.0],[34.0-91.0],[0.0-0.0],[25.0-74.0],[0.0-0.0],[0.0-1.0],[4.0-30.0],[0.0-0.0],[5.0-13.0],[0.0-0.0],[0.0-0.0],[37.0-176.0],[0.0-0.0],[0.0-0.0],[0.0-0.0],[0.0-0.0],[0.0-0.0],[0.0-0.0],[0.0-0.0],[0.0-1.0],[13.0-27.0],[3.0-19.0],[0.0-2.0],[0.0-0.0],[0.0-2.0],[0.0-1.0],[0.0-0.0],[5.0-39.0],[0.0-0.0],[0.0-1.0],[0.0-1.0],[311.0-481.0],[0.0-8.0],[17.0-45.0],[1.0-15.0],[0.0-0.0],[0.0-0.0],[140.0-313.0],[0.0-0.0],[2.0-10.0],[3.0-16.0],[0.0-13.0],[8.0-21.0],[0.0-0.0],[0.0-3.0],[0.0-0.0],[0.0-0.0],[0.0-0.0],[0.0-0.0],[0.0-0.0],[0.0-1.0],[0.0-0.0],[0.0-0.0],[0.0-0.0],[0.0-0.0],[0.0-0.0],[0.0-0.0],[0.0-0.0],[0.0-0.0],[0.0-4.0],[0.0-0.0],[0.0-8.0],[24.0-71.0],[0.0-0.0],[0.0-0.0],[7.0-31.0],[0.0-0.0],[0.0-0.0],ba,Group: 14
10-Aug,[3.0-22.0],[0.0-0.0],[0.0-8.0],[2214.0-3688.0],[178.0-454.0],[36.0-95.0],[13.0-36.0],[140.0-313.0],[22.0-45.0],[0.0-1.0],[0.0-0.0],[0.0-0.0],[18.0-46.0],[0.0-0.0],[34.0-91.0],[0.0-0.0],[25.0-74.0],[0.0-0.0],[0.0-1.0],[4.0-30.0],[0.0-0.0],[5.0-13.0],[0.0-0.0],[0.0-0.0],[37.0-176.0],[0.0-0.0],[0.0-0.0],[0.0-0.0],[0.0-0.0],[0.0-0.0],[0.0-0.0],[0.0-0.0],[0.0-1.0],[13.0-27.0],[3.0-19.0],[0.0-2.0],[0.0-0.0],[0.0-2.0],[0.0-1.0],[0.0-0.0],[5.0-39.0],[0.0-0.0],[0.0-1.0],[0.0-1.0],[311.0-481.0],[0.0-8.0],[17.0-45.0],[1.0-15.0],[0.0-0.0],[0.0-0.0],[140.0-313.0],[0.0-0.0],[2.0-10.0],[3.0-16.0],[0.0-13.0],[8.0-21.0],[0.0-0.0],[0.0-3.0],[0.0-0.0],[0.0-0.0],[0.0-0.0],[0.0-0.0],[0.0-0.0],[0.0-1.0],[0.0-0.0],[0.0-0.0],[0.0-0.0],[0.0-0.0],[0.0-0.0],[0.0-0.0],[0.0-0.0],[0.0-0.0],[0.0-4.0],[0.0-0.0],[0.0-8.0],[24.0-71.0],[0.0-0.0],[0.0-0.0],[7.0-31.0],[0.0-0.0],[0.0-0.0],ba,Group: 14
10-Jul,[3.0-22.0],[0.0-0.0],[0.0-8.0],[2214.0-3688.0],[178.0-454.0],[36.0-95.0],[13.0-36.0],[140.0-313.0],[22.0-45.0],[0.0-1.0],[0.0-0.0],[0.0-0.0],[18.0-46.0],[0.0-0.0],[34.0-91.0],[0.0-0.0],[25.0-74.0],[0.0-0.0],[0.0-1.0],[4.0-30.0],[0.0-0.0],[5.0-13.0],[0.0-0.0],[0.0-0.0],[37.0-176.0],[0.0-0.0],[0.0-0.0],[0.0-0.0],[0.0-0.0],[0.0-0.0],[0.0-0.0],[0.0-0.0],[0.0-1.0],[13.0-27.0],[3.0-19.0],[0.0-2.0],[0.0-0.0],[0.0-2.0],[0.0-1.0],[0.0-0.0],[5.0-39.0],[0.0-0.0],[0.0-1.0],[0.0-1.0],[311.0-481.0],[0.0-8.0],[17.0-45.0],[1.0-15.0],[0.0-0.0],[0.0-0.0],[140.0-313.0],[0.0-0.0],[2.0-10.0],[3.0-16.0],[0.0-13.0],[8.0-21.0],[0.0-0.0],[0.0-3.0],[0.0-0.0],[0.0-0.0],[0.0-0.0],[0.0-0.0],[0.0-0.0],[0.0-1.0],[0.0-0.0],[0.0-0.0],[0.0-0.0],[0.0-0.0],[0.0-0.0],[0.0-0.0],[0.0-0.0],[0.0-0.0],[0.0-4.0],[0.0-0.0],[0.0-8.0],[24.0-71.0],[0.0-0.0],[0.0-0.0],[7.0-31.0],[0.0-0.0],[0.0-0.0],ba,Group: 14
10-Nov,[0.0-7.0],[0.0-0.0],[0.0-6.0],[1046.0-2913.0],[5.0-251.0],[13.0-66.0],[2.0-21.0],[44.0-207.0],[8.0-35.0],[0.0-0.0],[0.0-0.0],[0.0-0.0],[13.0-44.0],[0.0-0.0],[4.0-67.0],[0.0-0.0],[13.0-64.0],[0.0-0.0],[0.0-1.0],[5.0-28.0],[0.0-0.0],[2.0-11.0],[0.0-1.0],[0.0-0.0],[9.0-97.0],[0.0-0.0],[0.0-0.0],[0.0-0.0],[0.0-0.0],[0.0-0.0],[0.0-0.0],[0.0-0.0],[0.0-1.0],[3.0-17.0],[1.0-6.0],[0.0-1.0],[0.0-0.0],[0.0-2.0],[0.0-0.0],[0.0-0.0],[1.0-14.0],[0.0-0.0],[0.0-0.0],[0.0-1.0],[157.0-411.0],[0.0-0.0],[11.0-26.0],[0.0-7.0],[0.0-0.0],[0.0-0.0],[44.0-207.0],[0.0-0.0],[1.0-4.0],[3.0-10.0],[0.0-9.0],[1.0-15.0],[0.0-0.0],[0.0-1.0],[0.0-0.0],[0.0-0.0],[0.0-0.0],[0.0-0.0],[0.0-0.0],[0.0-1.0],[0.0-0.0],[0.0-0.0],[0.0-0.0],[0.0-0.0],[0.0-0.0],[0.0-0.0],[0.0-0.0],[0.0-0.0],[0.0-3.0],[0.0-0.0],[0.0-6.0],[10.0-45.0],[0.0-0.0],[0.0-0.0],[4.0-24.0],[0.0-0.0],[0.0-1.0],ba,Group: 15
11-Jan,[0.0-7.0],[0.0-0.0],[0.0-6.0],[1046.0-2913.0],[5.0-251.0],[13.0-66.0],[2.0-21.0],[44.0-207.0],[8.0-35.0],[0.0-0.0],[0.0-0.0],[0.0-0.0],[13.0-44.0],[0.0-0.0],[4.0-67.0],[0.0-0.0],[13.0-64.0],[0.0-0.0],[0.0-1.0],[5.0-28.0],[0.0-0.0],[2.0-11.0],[0.0-1.0],[0.0-0.0],[9.0-97.0],[0.0-0.0],[0.0-0.0],[0.0-0.0],[0.0-0.0],[0.0-0.0],[0.0-0.0],[0.0-0.0],[0.0-1.0],[3.0-17.0],[1.0-6.0],[0.0-1.0],[0.0-0.0],[0.0-2.0],[0.0-0.0],[0.0-0.0],[1.0-14.0],[0.0-0.0],[0.0-0.0],[0.0-1.0],[157.0-411.0],[0.0-0.0],[11.0-26.0],[0.0-7.0],[0.0-0.0],[0.0-0.0],[44.0-207.0],[0.0-0.0],[1.0-4.0],[3.0-10.0],[0.0-9.0],[1.0-15.0],[0.0-0.0],[0.0-1.0],[0.0-0.0],[0.0-0.0],[0.0-0.0],[0.0-0.0],[0.0-0.0],[0.0-1.0],[0.0-0.0],[0.0-0.0],[0.0-0.0],[0.0-0.0],[0.0-0.0],[0.0-0.0],[0.0-0.0],[0.0-0.0],[0.0-3.0],[0.0-0.0],[0.0-6.0],[10.0-45.0],[0.0-0.0],[0.0-0.0],[4.0-24.0],[0.0-0.0],[0.0-1.0],ba,Group: 15
10-Mar,[0.0-7.0],[0.0-0.0],[0.0-6.0],[1046.0-2913.0],[5.0-251.0],[13.0-66.0],[2.0-21.0],[44.0-207.0],[8.0-35.0],[0.0-0.0],[0.0-0.0],[0.0-0.0],[13.0-44.0],[0.0-0.0],[4.0-67.0],[0.0-0.0],[13.0-64.0],[0.0-0.0],[0.0-1.0],[5.0-28.0],[0.0-0.0],[2.0-11.0],[0.0-1.0],[0.0-0.0],[9.0-97.0],[0.0-0.0],[0.0-0.0],[0.0-0.0],[0.0-0.0],[0.0-0.0],[0.0-0.0],[0.0-0.0],[0.0-1.0],[3.0-17.0],[1.0-6.0],[0.0-1.0],[0.0-0.0],[0.0-2.0],[0.0-0.0],[0.0-0.0],[1.0-14.0],[0.0-0.0],[0.0-0.0],[0.0-1.0],[157.0-411.0],[0.0-0.0],[11.0-26.0],[0.0-7.0],[0.0-0.0],[0.0-0.0],[44.0-207.0],[0.0-0.0],[1.0-4.0],[3.0-10.0],[0.0-9.0],[1.0-15.0],[0.0-0.0],[0.0-1.0],[0.0-0.0],[0.0-0.0],[0.0-0.0],[0.0-0.0],[0.0-0.0],[0.0-1.0],[0.0-0.0],[0.0-0.0],[0.0-0.0],[0.0-0.0],[0.0-0.0],[0.0-0.0],[0.0-0.0],[0.0-0.0],[0.0-3.0],[0.0-0.0],[0.0-6.0],[10.0-45.0],[0.0-0.0],[0.0-0.0],[4.0-24.0],[0.0-0.0],[0.0-1.0],ba,Group: 15
10-May,[0.0-7.0],[0.0-0.0],[0.0-6.0],[1046.0-2913.0],[5.0-251.0],[13.0-66.0],[2.0-21.0],[44.0-207.0],[8.0-35.0],[0.0-0.0],[0.0-0.0],[0.0-0.0],[13.0-44.0],[0.0-0.0],[4.0-67.0],[0.0-0.0],[13.0-64.0],[0.0-0.0],[0.0-1.0],[5.0-28.0],[0.0-0.0],[2.0-11.0],[0.0-1.0],[0.0-0.0],[9.0-97.0],[0.0-0.0],[0.0-0.0],[0.0-0.0],[0.0-0.0],[0.0-0.0],[0.0-0.0],[0.0-0.0],[0.0-1.0],[3.0-17.0],[1.0-6.0],[0.0-1.0],[0.0-0.0],[0.0-2.0],[0.0-0.0],[0.0-0.0],[1.0-14.0],[0.0-0.0],[0.0-0.0],[0.0-1.0],[157.0-411.0],[0.0-0.0],[11.0-26.0],[0.0-7.0],[0.0-0.0],[0.0-0.0],[44.0-207.0],[0.0-0.0],[1.0-4.0],[3.0-10.0],[0.0-9.0],[1.0-15.0],[0.0-0.0],[0.0-1.0],[0.0-0.0],[0.0-0.0],[0.0-0.0],[0.0-0.0],[0.0-0.0],[0.0-1.0],[0.0-0.0],[0.0-0.0],[0.0-0.0],[0.0-0.0],[0.0-0.0],[0.0-0.0],[0.0-0.0],[0.0-0.0],[0.0-3.0],[0.0-0.0],[0.0-6.0],[10.0-45.0],[0.0-0.0],[0.0-0.0],[4.0-24.0],[0.0-0.0],[0.0-1.0],ba,Group: 15
10-Apr,[0.0-7.0],[0.0-0.0],[0.0-6.0],[1046.0-2913.0],[5.0-251.0],[13.0-66.0],[2.0-21.0],[44.0-207.0],[8.0-35.0],[0.0-0.0],[0.0-0.0],[0.0-0.0],[13.0-44.0],[0.0-0.0],[4.0-67.0],[0.0-0.0],[13.0-64.0],[0.0-0.0],[0.0-1.0],[5.0-28.0],[0.0-0.0],[2.0-11.0],[0.0-1.0],[0.0-0.0],[9.0-97.0],[0.0-0.0],[0.0-0.0],[0.0-0.0],[0.0-0.0],[0.0-0.0],[0.0-0.0],[0.0-0.0],[0.0-1.0],[3.0-17.0],[1.0-6.0],[0.0-1.0],[0.0-0.0],[0.0-2.0],[0.0-0.0],[0.0-0.0],[1.0-14.0],[0.0-0.0],[0.0-0.0],[0.0-1.0],[157.0-411.0],[0.0-0.0],[11.0-26.0],[0.0-7.0],[0.0-0.0],[0.0-0.0],[44.0-207.0],[0.0-0.0],[1.0-4.0],[3.0-10.0],[0.0-9.0],[1.0-15.0],[0.0-0.0],[0.0-1.0],[0.0-0.0],[0.0-0.0],[0.0-0.0],[0.0-0.0],[0.0-0.0],[0.0-1.0],[0.0-0.0],[0.0-0.0],[0.0-0.0],[0.0-0.0],[0.0-0.0],[0.0-0.0],[0.0-0.0],[0.0-0.0],[0.0-3.0],[0.0-0.0],[0.0-6.0],[10.0-45.0],[0.0-0.0],[0.0-0.0],[4.0-24.0],[0.0-0.0],[0.0-1.0],ba,Group: 15
09-Jun,[0.0-7.0],[0.0-0.0],[0.0-6.0],[1046.0-2913.0],[5.0-251.0],[13.0-66.0],[2.0-21.0],[44.0-207.0],[8.0-35.0],[0.0-0.0],[0.0-0.0],[0.0-0.0],[13.0-44.0],[0.0-0.0],[4.0-67.0],[0.0-0.0],[13.0-64.0],[0.0-0.0],[0.0-1.0],[5.0-28.0],[0.0-0.0],[2.0-11.0],[0.0-1.0],[0.0-0.0],[9.0-97.0],[0.0-0.0],[0.0-0.0],[0.0-0.0],[0.0-0.0],[0.0-0.0],[0.0-0.0],[0.0-0.0],[0.0-1.0],[3.0-17.0],[1.0-6.0],[0.0-1.0],[0.0-0.0],[0.0-2.0],[0.0-0.0],[0.0-0.0],[1.0-14.0],[0.0-0.0],[0.0-0.0],[0.0-1.0],[157.0-411.0],[0.0-0.0],[11.0-26.0],[0.0-7.0],[0.0-0.0],[0.0-0.0],[44.0-207.0],[0.0-0.0],[1.0-4.0],[3.0-10.0],[0.0-9.0],[1.0-15.0],[0.0-0.0],[0.0-1.0],[0.0-0.0],[0.0-0.0],[0.0-0.0],[0.0-0.0],[0.0-0.0],[0.0-1.0],[0.0-0.0],[0.0-0.0],[0.0-0.0],[0.0-0.0],[0.0-0.0],[0.0-0.0],[0.0-0.0],[0.0-0.0],[0.0-3.0],[0.0-0.0],[0.0-6.0],[10.0-45.0],[0.0-0.0],[0.0-0.0],[4.0-24.0],[0.0-0.0],[0.0-1.0],ba,Group: 15
16-Sep,[54.0-75.0],[1.0-11.0],[29.0-61.0],[12424.0-13775.0],[3136.0-4167.0],[735.0-823.0],[155.0-181.0],[718.0-1127.0],[342.0-440.0],[1040.0-1406.0],[0.0-0.0],[18.0-127.0],[78.0-116.0],[837.0-1138.0],[448.0-629.0],[183.0-264.0],[1373.0-1867.0],[229.0-653.0],[62.0-213.0],[151.0-207.0],[10.0-41.0],[83.0-105.0],[13.0-23.0],[0.0-0.0],[407.0-711.0],[0.0-0.0],[34.0-62.0],[3.0-34.0],[48.0-77.0],[0.0-0.0],[61.0-89.0],[52.0-82.0],[183.0-225.0],[149.0-218.0],[122.0-161.0],[10.0-20.0],[0.0-1.0],[0.0-6.0],[2.0-6.0],[0.0-0.0],[64.0-131.0],[20.0-30.0],[0.0-2.0],[0.0-8.0],[706.0-976.0],[17.0-30.0],[4.0-12.0],[22.0-38.0],[20.0-30.0],[0.0-0.0],[718.0-1127.0],[3.0-6.0],[60.0-91.0],[42.0-77.0],[21.0-34.0],[38.0-67.0],[8.0-20.0],[2.0-8.0],[5.0-15.0],[0.0-0.0],[0.0-0.0],[0.0-0.0],[0.0-2.0],[1.0-5.0],[1.0-11.0],[0.0-0.0],[0.0-1.0],[0.0-0.0],[0.0-0.0],[0.0-0.0],[5.0-27.0],[0.0-2.0],[23.0-45.0],[0.0-0.0],[29.0-61.0],[100.0-137.0],[0.0-6.0],[5.0-13.0],[32.0-44.0],[43.0-75.0],[13.0-35.0],ba,Group: 16
16-Aug,[54.0-75.0],[1.0-11.0],[29.0-61.0],[12424.0-13775.0],[3136.0-4167.0],[735.0-823.0],[155.0-181.0],[718.0-1127.0],[342.0-440.0],[1040.0-1406.0],[0.0-0.0],[18.0-127.0],[78.0-116.0],[837.0-1138.0],[448.0-629.0],[183.0-264.0],[1373.0-1867.0],[229.0-653.0],[62.0-213.0],[151.0-207.0],[10.0-41.0],[83.0-105.0],[13.0-23.0],[0.0-0.0],[407.0-711.0],[0.0-0.0],[34.0-62.0],[3.0-34.0],[48.0-77.0],[0.0-0.0],[61.0-89.0],[52.0-82.0],[183.0-225.0],[149.0-218.0],[122.0-161.0],[10.0-20.0],[0.0-1.0],[0.0-6.0],[2.0-6.0],[0.0-0.0],[64.0-131.0],[20.0-30.0],[0.0-2.0],[0.0-8.0],[706.0-976.0],[17.0-30.0],[4.0-12.0],[22.0-38.0],[20.0-30.0],[0.0-0.0],[718.0-1127.0],[3.0-6.0],[60.0-91.0],[42.0-77.0],[21.0-34.0],[38.0-67.0],[8.0-20.0],[2.0-8.0],[5.0-15.0],[0.0-0.0],[0.0-0.0],[0.0-0.0],[0.0-2.0],[1.0-5.0],[1.0-11.0],[0.0-0.0],[0.0-1.0],[0.0-0.0],[0.0-0.0],[0.0-0.0],[5.0-27.0],[0.0-2.0],[23.0-45.0],[0.0-0.0],[29.0-61.0],[100.0-137.0],[0.0-6.0],[5.0-13.0],[32.0-44.0],[43.0-75.0],[13.0-35.0],ba,Group: 16
16-Dec,[54.0-75.0],[1.0-11.0],[29.0-61.0],[12424.0-13775.0],[3136.0-4167.0],[735.0-823.0],[155.0-181.0],[718.0-1127.0],[342.0-440.0],[1040.0-1406.0],[0.0-0.0],[18.0-127.0],[78.0-116.0],[837.0-1138.0],[448.0-629.0],[183.0-264.0],[1373.0-1867.0],[229.0-653.0],[62.0-213.0],[151.0-207.0],[10.0-41.0],[83.0-105.0],[13.0-23.0],[0.0-0.0],[407.0-711.0],[0.0-0.0],[34.0-62.0],[3.0-34.0],[48.0-77.0],[0.0-0.0],[61.0-89.0],[52.0-82.0],[183.0-225.0],[149.0-218.0],[122.0-161.0],[10.0-20.0],[0.0-1.0],[0.0-6.0],[2.0-6.0],[0.0-0.0],[64.0-131.0],[20.0-30.0],[0.0-2.0],[0.0-8.0],[706.0-976.0],[17.0-30.0],[4.0-12.0],[22.0-38.0],[20.0-30.0],[0.0-0.0],[718.0-1127.0],[3.0-6.0],[60.0-91.0],[42.0-77.0],[21.0-34.0],[38.0-67.0],[8.0-20.0],[2.0-8.0],[5.0-15.0],[0.0-0.0],[0.0-0.0],[0.0-0.0],[0.0-2.0],[1.0-5.0],[1.0-11.0],[0.0-0.0],[0.0-1.0],[0.0-0.0],[0.0-0.0],[0.0-0.0],[5.0-27.0],[0.0-2.0],[23.0-45.0],[0.0-0.0],[29.0-61.0],[100.0-137.0],[0.0-6.0],[5.0-13.0],[32.0-44.0],[43.0-75.0],[13.0-35.0],ba,Group: 16
16-Feb,[54.0-75.0],[1.0-11.0],[29.0-61.0],[12424.0-13775.0],[3136.0-4167.0],[735.0-823.0],[155.0-181.0],[718.0-1127.0],[342.0-440.0],[1040.0-1406.0],[0.0-0.0],[18.0-127.0],[78.0-116.0],[837.0-1138.0],[448.0-629.0],[183.0-264.0],[1373.0-1867.0],[229.0-653.0],[62.0-213.0],[151.0-207.0],[10.0-41.0],[83.0-105.0],[13.0-23.0],[0.0-0.0],[407.0-711.0],[0.0-0.0],[34.0-62.0],[3.0-34.0],[48.0-77.0],[0.0-0.0],[61.0-89.0],[52.0-82.0],[183.0-225.0],[149.0-218.0],[122.0-161.0],[10.0-20.0],[0.0-1.0],[0.0-6.0],[2.0-6.0],[0.0-0.0],[64.0-131.0],[20.0-30.0],[0.0-2.0],[0.0-8.0],[706.0-976.0],[17.0-30.0],[4.0-12.0],[22.0-38.0],[20.0-30.0],[0.0-0.0],[718.0-1127.0],[3.0-6.0],[60.0-91.0],[42.0-77.0],[21.0-34.0],[38.0-67.0],[8.0-20.0],[2.0-8.0],[5.0-15.0],[0.0-0.0],[0.0-0.0],[0.0-0.0],[0.0-2.0],[1.0-5.0],[1.0-11.0],[0.0-0.0],[0.0-1.0],[0.0-0.0],[0.0-0.0],[0.0-0.0],[5.0-27.0],[0.0-2.0],[23.0-45.0],[0.0-0.0],[29.0-61.0],[100.0-137.0],[0.0-6.0],[5.0-13.0],[32.0-44.0],[43.0-75.0],[13.0-35.0],ba,Group: 16
16-Apr,[54.0-75.0],[1.0-11.0],[29.0-61.0],[12424.0-13775.0],[3136.0-4167.0],[735.0-823.0],[155.0-181.0],[718.0-1127.0],[342.0-440.0],[1040.0-1406.0],[0.0-0.0],[18.0-127.0],[78.0-116.0],[837.0-1138.0],[448.0-629.0],[183.0-264.0],[1373.0-1867.0],[229.0-653.0],[62.0-213.0],[151.0-207.0],[10.0-41.0],[83.0-105.0],[13.0-23.0],[0.0-0.0],[407.0-711.0],[0.0-0.0],[34.0-62.0],[3.0-34.0],[48.0-77.0],[0.0-0.0],[61.0-89.0],[52.0-82.0],[183.0-225.0],[149.0-218.0],[122.0-161.0],[10.0-20.0],[0.0-1.0],[0.0-6.0],[2.0-6.0],[0.0-0.0],[64.0-131.0],[20.0-30.0],[0.0-2.0],[0.0-8.0],[706.0-976.0],[17.0-30.0],[4.0-12.0],[22.0-38.0],[20.0-30.0],[0.0-0.0],[718.0-1127.0],[3.0-6.0],[60.0-91.0],[42.0-77.0],[21.0-34.0],[38.0-67.0],[8.0-20.0],[2.0-8.0],[5.0-15.0],[0.0-0.0],[0.0-0.0],[0.0-0.0],[0.0-2.0],[1.0-5.0],[1.0-11.0],[0.0-0.0],[0.0-1.0],[0.0-0.0],[0.0-0.0],[0.0-0.0],[5.0-27.0],[0.0-2.0],[23.0-45.0],[0.0-0.0],[29.0-61.0],[100.0-137.0],[0.0-6.0],[5.0-13.0],[32.0-44.0],[43.0-75.0],[13.0-35.0],ba,Group: 16
16-Oct,[54.0-75.0],[1.0-11.0],[29.0-61.0],[12424.0-13775.0],[3136.0-4167.0],[735.0-823.0],[155.0-181.0],[718.0-1127.0],[342.0-440.0],[1040.0-1406.0],[0.0-0.0],[18.0-127.0],[78.0-116.0],[837.0-1138.0],[448.0-629.0],[183.0-264.0],[1373.0-1867.0],[229.0-653.0],[62.0-213.0],[151.0-207.0],[10.0-41.0],[83.0-105.0],[13.0-23.0],[0.0-0.0],[407.0-711.0],[0.0-0.0],[34.0-62.0],[3.0-34.0],[48.0-77.0],[0.0-0.0],[61.0-89.0],[52.0-82.0],[183.0-225.0],[149.0-218.0],[122.0-161.0],[10.0-20.0],[0.0-1.0],[0.0-6.0],[2.0-6.0],[0.0-0.0],[64.0-131.0],[20.0-30.0],[0.0-2.0],[0.0-8.0],[706.0-976.0],[17.0-30.0],[4.0-12.0],[22.0-38.0],[20.0-30.0],[0.0-0.0],[718.0-1127.0],[3.0-6.0],[60.0-91.0],[42.0-77.0],[21.0-34.0],[38.0-67.0],[8.0-20.0],[2.0-8.0],[5.0-15.0],[0.0-0.0],[0.0-0.0],[0.0-0.0],[0.0-2.0],[1.0-5.0],[1.0-11.0],[0.0-0.0],[0.0-1.0],[0.0-0.0],[0.0-0.0],[0.0-0.0],[5.0-27.0],[0.0-2.0],[23.0-45.0],[0.0-0.0],[29.0-61.0],[100.0-137.0],[0.0-6.0],[5.0-13.0],[32.0-44.0],[43.0-75.0],[13.0-35.0],ba,Group: 16
11-Nov,[18.0-33.0],[0.0-0.0],[4.0-17.0],[3889.0-7975.0],[609.0-1849.0],[107.0-386.0],[44.0-121.0],[433.0-1060.0],[54.0-115.0],[2.0-190.0],[0.0-0.0],[0.0-0.0],[46.0-73.0],[0.0-3.0],[116.0-419.0],[0.0-0.0],[119.0-438.0],[0.0-0.0],[0.0-2.0],[27.0-42.0],[0.0-0.0],[21.0-68.0],[0.0-1.0],[0.0-0.0],[273.0-556.0],[0.0-0.0],[0.0-0.0],[0.0-0.0],[0.0-2.0],[0.0-0.0],[0.0-1.0],[0.0-0.0],[0.0-19.0],[33.0-95.0],[15.0-62.0],[0.0-4.0],[0.0-0.0],[0.0-1.0],[1.0-6.0],[0.0-0.0],[24.0-92.0],[0.0-0.0],[0.0-1.0],[0.0-0.0],[531.0-789.0],[2.0-25.0],[15.0-34.0],[8.0-47.0],[0.0-0.0],[0.0-0.0],[433.0-1060.0],[0.0-2.0],[9.0-31.0],[19.0-43.0],[9.0-28.0],[17.0-33.0],[0.0-0.0],[0.0-1.0],[0.0-0.0],[0.0-0.0],[0.0-0.0],[0.0-0.0],[0.0-0.0],[0.0-1.0],[0.0-0.0],[0.0-0.0],[0.0-0.0],[0.0-0.0],[0.0-0.0],[0.0-0.0],[0.0-0.0],[0.0-1.0],[2.0-17.0],[0.0-0.0],[4.0-17.0],[46.0-105.0],[0.0-0.0],[0.0-0.0],[26.0-31.0],[0.0-0.0],[0.0-16.0],ba,Group: 17
12-Apr,[18.0-33.0],[0.0-0.0],[4.0-17.0],[3889.0-7975.0],[609.0-1849.0],[107.0-386.0],[44.0-121.0],[433.0-1060.0],[54.0-115.0],[2.0-190.0],[0.0-0.0],[0.0-0.0],[46.0-73.0],[0.0-3.0],[116.0-419.0],[0.0-0.0],[119.0-438.0],[0.0-0.0],[0.0-2.0],[27.0-42.0],[0.0-0.0],[21.0-68.0],[0.0-1.0],[0.0-0.0],[273.0-556.0],[0.0-0.0],[0.0-0.0],[0.0-0.0],[0.0-2.0],[0.0-0.0],[0.0-1.0],[0.0-0.0],[0.0-19.0],[33.0-95.0],[15.0-62.0],[0.0-4.0],[0.0-0.0],[0.0-1.0],[1.0-6.0],[0.0-0.0],[24.0-92.0],[0.0-0.0],[0.0-1.0],[0.0-0.0],[531.0-789.0],[2.0-25.0],[15.0-34.0],[8.0-47.0],[0.0-0.0],[0.0-0.0],[433.0-1060.0],[0.0-2.0],[9.0-31.0],[19.0-43.0],[9.0-28.0],[17.0-33.0],[0.0-0.0],[0.0-1.0],[0.0-0.0],[0.0-0.0],[0.0-0.0],[0.0-0.0],[0.0-0.0],[0.0-1.0],[0.0-0.0],[0.0-0.0],[0.0-0.0],[0.0-0.0],[0.0-0.0],[0.0-0.0],[0.0-0.0],[0.0-1.0],[2.0-17.0],[0.0-0.0],[4.0-17.0],[46.0-105.0],[0.0-0.0],[0.0-0.0],[26.0-31.0],[0.0-0.0],[0.0-16.0],ba,Group: 17
12-May,[18.0-33.0],[0.0-0.0],[4.0-17.0],[3889.0-7975.0],[609.0-1849.0],[107.0-386.0],[44.0-121.0],[433.0-1060.0],[54.0-115.0],[2.0-190.0],[0.0-0.0],[0.0-0.0],[46.0-73.0],[0.0-3.0],[116.0-419.0],[0.0-0.0],[119.0-438.0],[0.0-0.0],[0.0-2.0],[27.0-42.0],[0.0-0.0],[21.0-68.0],[0.0-1.0],[0.0-0.0],[273.0-556.0],[0.0-0.0],[0.0-0.0],[0.0-0.0],[0.0-2.0],[0.0-0.0],[0.0-1.0],[0.0-0.0],[0.0-19.0],[33.0-95.0],[15.0-62.0],[0.0-4.0],[0.0-0.0],[0.0-1.0],[1.0-6.0],[0.0-0.0],[24.0-92.0],[0.0-0.0],[0.0-1.0],[0.0-0.0],[531.0-789.0],[2.0-25.0],[15.0-34.0],[8.0-47.0],[0.0-0.0],[0.0-0.0],[433.0-1060.0],[0.0-2.0],[9.0-31.0],[19.0-43.0],[9.0-28.0],[17.0-33.0],[0.0-0.0],[0.0-1.0],[0.0-0.0],[0.0-0.0],[0.0-0.0],[0.0-0.0],[0.0-0.0],[0.0-1.0],[0.0-0.0],[0.0-0.0],[0.0-0.0],[0.0-0.0],[0.0-0.0],[0.0-0.0],[0.0-0.0],[0.0-1.0],[2.0-17.0],[0.0-0.0],[4.0-17.0],[46.0-105.0],[0.0-0.0],[0.0-0.0],[26.0-31.0],[0.0-0.0],[0.0-16.0],ba,Group: 17
12-Oct,[18.0-33.0],[0.0-0.0],[4.0-17.0],[3889.0-7975.0],[609.0-1849.0],[107.0-386.0],[44.0-121.0],[433.0-1060.0],[54.0-115.0],[2.0-190.0],[0.0-0.0],[0.0-0.0],[46.0-73.0],[0.0-3.0],[116.0-419.0],[0.0-0.0],[119.0-438.0],[0.0-0.0],[0.0-2.0],[27.0-42.0],[0.0-0.0],[21.0-68.0],[0.0-1.0],[0.0-0.0],[273.0-556.0],[0.0-0.0],[0.0-0.0],[0.0-0.0],[0.0-2.0],[0.0-0.0],[0.0-1.0],[0.0-0.0],[0.0-19.0],[33.0-95.0],[15.0-62.0],[0.0-4.0],[0.0-0.0],[0.0-1.0],[1.0-6.0],[0.0-0.0],[24.0-92.0],[0.0-0.0],[0.0-1.0],[0.0-0.0],[531.0-789.0],[2.0-25.0],[15.0-34.0],[8.0-47.0],[0.0-0.0],[0.0-0.0],[433.0-1060.0],[0.0-2.0],[9.0-31.0],[19.0-43.0],[9.0-28.0],[17.0-33.0],[0.0-0.0],[0.0-1.0],[0.0-0.0],[0.0-0.0],[0.0-0.0],[0.0-0.0],[0.0-0.0],[0.0-1.0],[0.0-0.0],[0.0-0.0],[0.0-0.0],[0.0-0.0],[0.0-0.0],[0.0-0.0],[0.0-0.0],[0.0-1.0],[2.0-17.0],[0.0-0.0],[4.0-17.0],[46.0-105.0],[0.0-0.0],[0.0-0.0],[26.0-31.0],[0.0-0.0],[0.0-16.0],ba,Group: 17
13-Apr,[18.0-33.0],[0.0-0.0],[4.0-17.0],[3889.0-7975.0],[609.0-1849.0],[107.0-386.0],[44.0-121.0],[433.0-1060.0],[54.0-115.0],[2.0-190.0],[0.0-0.0],[0.0-0.0],[46.0-73.0],[0.0-3.0],[116.0-419.0],[0.0-0.0],[119.0-438.0],[0.0-0.0],[0.0-2.0],[27.0-42.0],[0.0-0.0],[21.0-68.0],[0.0-1.0],[0.0-0.0],[273.0-556.0],[0.0-0.0],[0.0-0.0],[0.0-0.0],[0.0-2.0],[0.0-0.0],[0.0-1.0],[0.0-0.0],[0.0-19.0],[33.0-95.0],[15.0-62.0],[0.0-4.0],[0.0-0.0],[0.0-1.0],[1.0-6.0],[0.0-0.0],[24.0-92.0],[0.0-0.0],[0.0-1.0],[0.0-0.0],[531.0-789.0],[2.0-25.0],[15.0-34.0],[8.0-47.0],[0.0-0.0],[0.0-0.0],[433.0-1060.0],[0.0-2.0],[9.0-31.0],[19.0-43.0],[9.0-28.0],[17.0-33.0],[0.0-0.0],[0.0-1.0],[0.0-0.0],[0.0-0.0],[0.0-0.0],[0.0-0.0],[0.0-0.0],[0.0-1.0],[0.0-0.0],[0.0-0.0],[0.0-0.0],[0.0-0.0],[0.0-0.0],[0.0-0.0],[0.0-0.0],[0.0-1.0],[2.0-17.0],[0.0-0.0],[4.0-17.0],[46.0-105.0],[0.0-0.0],[0.0-0.0],[26.0-31.0],[0.0-0.0],[0.0-16.0],ba,Group: 17
13-Feb,[18.0-33.0],[0.0-0.0],[4.0-17.0],[3889.0-7975.0],[609.0-1849.0],[107.0-386.0],[44.0-121.0],[433.0-1060.0],[54.0-115.0],[2.0-190.0],[0.0-0.0],[0.0-0.0],[46.0-73.0],[0.0-3.0],[116.0-419.0],[0.0-0.0],[119.0-438.0],[0.0-0.0],[0.0-2.0],[27.0-42.0],[0.0-0.0],[21.0-68.0],[0.0-1.0],[0.0-0.0],[273.0-556.0],[0.0-0.0],[0.0-0.0],[0.0-0.0],[0.0-2.0],[0.0-0.0],[0.0-1.0],[0.0-0.0],[0.0-19.0],[33.0-95.0],[15.0-62.0],[0.0-4.0],[0.0-0.0],[0.0-1.0],[1.0-6.0],[0.0-0.0],[24.0-92.0],[0.0-0.0],[0.0-1.0],[0.0-0.0],[531.0-789.0],[2.0-25.0],[15.0-34.0],[8.0-47.0],[0.0-0.0],[0.0-0.0],[433.0-1060.0],[0.0-2.0],[9.0-31.0],[19.0-43.0],[9.0-28.0],[17.0-33.0],[0.0-0.0],[0.0-1.0],[0.0-0.0],[0.0-0.0],[0.0-0.0],[0.0-0.0],[0.0-0.0],[0.0-1.0],[0.0-0.0],[0.0-0.0],[0.0-0.0],[0.0-0.0],[0.0-0.0],[0.0-0.0],[0.0-0.0],[0.0-1.0],[2.0-17.0],[0.0-0.0],[4.0-17.0],[46.0-105.0],[0.0-0.0],[0.0-0.0],[26.0-31.0],[0.0-0.0],[0.0-16.0],ba,Group: 17
17-Jan,[56.0-94.0],[8.0-43.0],[30.0-62.0],[14388.0-18935.0],[3519.0-5117.0],[802.0-1156.0],[138.0-229.0],[583.0-1080.0],[488.0-748.0],[1540.0-2289.0],[3.0-87.0],[209.0-475.0],[125.0-161.0],[794.0-1144.0],[345.0-602.0],[239.0-290.0],[2033.0-3426.0],[779.0-1294.0],[238.0-399.0],[237.0-343.0],[31.0-92.0],[81.0-140.0],[21.0-32.0],[0.0-0.0],[477.0-678.0],[0.0-9.0],[36.0-73.0],[18.0-50.0],[63.0-84.0],[0.0-0.0],[11.0-87.0],[72.0-120.0],[232.0-334.0],[219.0-270.0],[135.0-219.0],[20.0-37.0],[0.0-7.0],[0.0-5.0],[0.0-3.0],[0.0-0.0],[120.0-197.0],[41.0-59.0],[0.0-2.0],[0.0-4.0],[566.0-891.0],[25.0-39.0],[4.0-11.0],[20.0-28.0],[41.0-59.0],[0.0-1.0],[583.0-1080.0],[3.0-9.0],[48.0-92.0],[61.0-89.0],[22.0-34.0],[27.0-65.0],[12.0-57.0],[2.0-9.0],[8.0-21.0],[0.0-0.0],[0.0-0.0],[0.0-8.0],[0.0-2.0],[0.0-4.0],[4.0-16.0],[0.0-0.0],[0.0-0.0],[0.0-9.0],[0.0-0.0],[0.0-2.0],[6.0-31.0],[0.0-0.0],[26.0-53.0],[0.0-0.0],[30.0-62.0],[99.0-124.0],[0.0-1.0],[0.0-12.0],[39.0-60.0],[21.0-66.0],[19.0-48.0],ba,Group: 18
17-Feb,[56.0-94.0],[8.0-43.0],[30.0-62.0],[14388.0-18935.0],[3519.0-5117.0],[802.0-1156.0],[138.0-229.0],[583.0-1080.0],[488.0-748.0],[1540.0-2289.0],[3.0-87.0],[209.0-475.0],[125.0-161.0],[794.0-1144.0],[345.0-602.0],[239.0-290.0],[2033.0-3426.0],[779.0-1294.0],[238.0-399.0],[237.0-343.0],[31.0-92.0],[81.0-140.0],[21.0-32.0],[0.0-0.0],[477.0-678.0],[0.0-9.0],[36.0-73.0],[18.0-50.0],[63.0-84.0],[0.0-0.0],[11.0-87.0],[72.0-120.0],[232.0-334.0],[219.0-270.0],[135.0-219.0],[20.0-37.0],[0.0-7.0],[0.0-5.0],[0.0-3.0],[0.0-0.0],[120.0-197.0],[41.0-59.0],[0.0-2.0],[0.0-4.0],[566.0-891.0],[25.0-39.0],[4.0-11.0],[20.0-28.0],[41.0-59.0],[0.0-1.0],[583.0-1080.0],[3.0-9.0],[48.0-92.0],[61.0-89.0],[22.0-34.0],[27.0-65.0],[12.0-57.0],[2.0-9.0],[8.0-21.0],[0.0-0.0],[0.0-0.0],[0.0-8.0],[0.0-2.0],[0.0-4.0],[4.0-16.0],[0.0-0.0],[0.0-0.0],[0.0-9.0],[0.0-0.0],[0.0-2.0],[6.0-31.0],[0.0-0.0],[26.0-53.0],[0.0-0.0],[30.0-62.0],[99.0-124.0],[0.0-1.0],[0.0-12.0],[39.0-60.0],[21.0-66.0],[19.0-48.0],ba,Group: 18
17-Jul,[56.0-94.0],[8.0-43.0],[30.0-62.0],[14388.0-18935.0],[3519.0-5117.0],[802.0-1156.0],[138.0-229.0],[583.0-1080.0],[488.0-748.0],[1540.0-2289.0],[3.0-87.0],[209.0-475.0],[125.0-161.0],[794.0-1144.0],[345.0-602.0],[239.0-290.0],[2033.0-3426.0],[779.0-1294.0],[238.0-399.0],[237.0-343.0],[31.0-92.0],[81.0-140.0],[21.0-32.0],[0.0-0.0],[477.0-678.0],[0.0-9.0],[36.0-73.0],[18.0-50.0],[63.0-84.0],[0.0-0.0],[11.0-87.0],[72.0-120.0],[232.0-334.0],[219.0-270.0],[135.0-219.0],[20.0-37.0],[0.0-7.0],[0.0-5.0],[0.0-3.0],[0.0-0.0],[120.0-197.0],[41.0-59.0],[0.0-2.0],[0.0-4.0],[566.0-891.0],[25.0-39.0],[4.0-11.0],[20.0-28.0],[41.0-59.0],[0.0-1.0],[583.0-1080.0],[3.0-9.0],[48.0-92.0],[61.0-89.0],[22.0-34.0],[27.0-65.0],[12.0-57.0],[2.0-9.0],[8.0-21.0],[0.0-0.0],[0.0-0.0],[0.0-8.0],[0.0-2.0],[0.0-4.0],[4.0-16.0],[0.0-0.0],[0.0-0.0],[0.0-9.0],[0.0-0.0],[0.0-2.0],[6.0-31.0],[0.0-0.0],[26.0-53.0],[0.0-0.0],[30.0-62.0],[99.0-124.0],[0.0-1.0],[0.0-12.0],[39.0-60.0],[21.0-66.0],[19.0-48.0],ba,Group: 18
17-Dec,[56.0-94.0],[8.0-43.0],[30.0-62.0],[14388.0-18935.0],[3519.0-5117.0],[802.0-1156.0],[138.0-229.0],[583.0-1080.0],[488.0-748.0],[1540.0-2289.0],[3.0-87.0],[209.0-475.0],[125.0-161.0],[794.0-1144.0],[345.0-602.0],[239.0-290.0],[2033.0-3426.0],[779.0-1294.0],[238.0-399.0],[237.0-343.0],[31.0-92.0],[81.0-140.0],[21.0-32.0],[0.0-0.0],[477.0-678.0],[0.0-9.0],[36.0-73.0],[18.0-50.0],[63.0-84.0],[0.0-0.0],[11.0-87.0],[72.0-120.0],[232.0-334.0],[219.0-270.0],[135.0-219.0],[20.0-37.0],[0.0-7.0],[0.0-5.0],[0.0-3.0],[0.0-0.0],[120.0-197.0],[41.0-59.0],[0.0-2.0],[0.0-4.0],[566.0-891.0],[25.0-39.0],[4.0-11.0],[20.0-28.0],[41.0-59.0],[0.0-1.0],[583.0-1080.0],[3.0-9.0],[48.0-92.0],[61.0-89.0],[22.0-34.0],[27.0-65.0],[12.0-57.0],[2.0-9.0],[8.0-21.0],[0.0-0.0],[0.0-0.0],[0.0-8.0],[0.0-2.0],[0.0-4.0],[4.0-16.0],[0.0-0.0],[0.0-0.0],[0.0-9.0],[0.0-0.0],[0.0-2.0],[6.0-31.0],[0.0-0.0],[26.0-53.0],[0.0-0.0],[30.0-62.0],[99.0-124.0],[0.0-1.0],[0.0-12.0],[39.0-60.0],[21.0-66.0],[19.0-48.0],ba,Group: 18
17-Mar,[56.0-94.0],[8.0-43.0],[30.0-62.0],[14388.0-18935.0],[3519.0-5117.0],[802.0-1156.0],[138.0-229.0],[583.0-1080.0],[488.0-748.0],[1540.0-2289.0],[3.0-87.0],[209.0-475.0],[125.0-161.0],[794.0-1144.0],[345.0-602.0],[239.0-290.0],[2033.0-3426.0],[779.0-1294.0],[238.0-399.0],[237.0-343.0],[31.0-92.0],[81.0-140.0],[21.0-32.0],[0.0-0.0],[477.0-678.0],[0.0-9.0],[36.0-73.0],[18.0-50.0],[63.0-84.0],[0.0-0.0],[11.0-87.0],[72.0-120.0],[232.0-334.0],[219.0-270.0],[135.0-219.0],[20.0-37.0],[0.0-7.0],[0.0-5.0],[0.0-3.0],[0.0-0.0],[120.0-197.0],[41.0-59.0],[0.0-2.0],[0.0-4.0],[566.0-891.0],[25.0-39.0],[4.0-11.0],[20.0-28.0],[41.0-59.0],[0.0-1.0],[583.0-1080.0],[3.0-9.0],[48.0-92.0],[61.0-89.0],[22.0-34.0],[27.0-65.0],[12.0-57.0],[2.0-9.0],[8.0-21.0],[0.0-0.0],[0.0-0.0],[0.0-8.0],[0.0-2.0],[0.0-4.0],[4.0-16.0],[0.0-0.0],[0.0-0.0],[0.0-9.0],[0.0-0.0],[0.0-2.0],[6.0-31.0],[0.0-0.0],[26.0-53.0],[0.0-0.0],[30.0-62.0],[99.0-124.0],[0.0-1.0],[0.0-12.0],[39.0-60.0],[21.0-66.0],[19.0-48.0],ba,Group: 18
17-Nov,[56.0-94.0],[8.0-43.0],[30.0-62.0],[14388.0-18935.0],[3519.0-5117.0],[802.0-1156.0],[138.0-229.0],[583.0-1080.0],[488.0-748.0],[1540.0-2289.0],[3.0-87.0],[209.0-475.0],[125.0-161.0],[794.0-1144.0],[345.0-602.0],[239.0-290.0],[2033.0-3426.0],[779.0-1294.0],[238.0-399.0],[237.0-343.0],[31.0-92.0],[81.0-140.0],[21.0-32.0],[0.0-0.0],[477.0-678.0],[0.0-9.0],[36.0-73.0],[18.0-50.0],[63.0-84.0],[0.0-0.0],[11.0-87.0],[72.0-120.0],[232.0-334.0],[219.0-270.0],[135.0-219.0],[20.0-37.0],[0.0-7.0],[0.0-5.0],[0.0-3.0],[0.0-0.0],[120.0-197.0],[41.0-59.0],[0.0-2.0],[0.0-4.0],[566.0-891.0],[25.0-39.0],[4.0-11.0],[20.0-28.0],[41.0-59.0],[0.0-1.0],[583.0-1080.0],[3.0-9.0],[48.0-92.0],[61.0-89.0],[22.0-34.0],[27.0-65.0],[12.0-57.0],[2.0-9.0],[8.0-21.0],[0.0-0.0],[0.0-0.0],[0.0-8.0],[0.0-2.0],[0.0-4.0],[4.0-16.0],[0.0-0.0],[0.0-0.0],[0.0-9.0],[0.0-0.0],[0.0-2.0],[6.0-31.0],[0.0-0.0],[26.0-53.0],[0.0-0.0],[30.0-62.0],[99.0-124.0],[0.0-1.0],[0.0-12.0],[39.0-60.0],[21.0-66.0],[19.0-48.0],ba,Group: 18
17-Apr,[56.0-94.0],[8.0-43.0],[30.0-62.0],[14388.0-18935.0],[3519.0-5117.0],[802.0-1156.0],[138.0-229.0],[583.0-1080.0],[488.0-748.0],[1540.0-2289.0],[3.0-87.0],[209.0-475.0],[125.0-161.0],[794.0-1144.0],[345.0-602.0],[239.0-290.0],[2033.0-3426.0],[779.0-1294.0],[238.0-399.0],[237.0-343.0],[31.0-92.0],[81.0-140.0],[21.0-32.0],[0.0-0.0],[477.0-678.0],[0.0-9.0],[36.0-73.0],[18.0-50.0],[63.0-84.0],[0.0-0.0],[11.0-87.0],[72.0-120.0],[232.0-334.0],[219.0-270.0],[135.0-219.0],[20.0-37.0],[0.0-7.0],[0.0-5.0],[0.0-3.0],[0.0-0.0],[120.0-197.0],[41.0-59.0],[0.0-2.0],[0.0-4.0],[566.0-891.0],[25.0-39.0],[4.0-11.0],[20.0-28.0],[41.0-59.0],[0.0-1.0],[583.0-1080.0],[3.0-9.0],[48.0-92.0],[61.0-89.0],[22.0-34.0],[27.0-65.0],[12.0-57.0],[2.0-9.0],[8.0-21.0],[0.0-0.0],[0.0-0.0],[0.0-8.0],[0.0-2.0],[0.0-4.0],[4.0-16.0],[0.0-0.0],[0.0-0.0],[0.0-9.0],[0.0-0.0],[0.0-2.0],[6.0-31.0],[0.0-0.0],[26.0-53.0],[0.0-0.0],[30.0-62.0],[99.0-124.0],[0.0-1.0],[0.0-12.0],[39.0-60.0],[21.0-66.0],[19.0-48.0],ba,Group: 18
